filename, Deodorant, Rollon, Shampoo, Shower Gel, Toothbrush, Toothpaste, undefined
96_jpg.rf.fa177ca9b0c05825f66ac01a7e0a73e8.jpg, 1, 0, 0, 0, 0, 0, 0
94_jpg.rf.fc62c24ee525b70c28fd853a241de604.jpg, 1, 0, 0, 0, 0, 0, 0
images-2-_jpeg.rf.f7e21a44f43ca05ecbf7f46a66d86550.jpg, 1, 0, 0, 0, 0, 0, 0
images-40-_jpeg.rf.f4f5cb90eb9792db41d3dc0d17b216e4.jpg, 0, 0, 0, 1, 0, 0, 0
2_jpg.rf.fb8c6876460e886cb6ee6b2fb4cf0c3c.jpg, 0, 0, 0, 0, 0, 1, 0
31_jpg.rf.f9c7222ff060c301187ce850107b2745.jpg, 1, 0, 0, 0, 0, 0, 0
IMG_20240808_184603_jpg.rf.f79a6e3e3b3d8dd693eba3a4424863a4.jpg, 0, 0, 1, 1, 0, 1, 0
images_jpeg.rf.fb0ed7fe98d6bfae884c53c7d1ab0289.jpg, 0, 0, 1, 0, 0, 0, 0
images-52-_jpeg.rf.f7d5a02ab3266bdf38b2a0aa583241c6.jpg, 0, 1, 0, 0, 0, 0, 0
images-24-_jpeg.rf.f972703b15d29b1ec928133179100814.jpg, 0, 0, 0, 0, 1, 0, 0
14_jpg.rf.fcefb33ab45553b8323e8fc44be24e95.jpg, 0, 0, 1, 0, 0, 0, 0
77_jpg.rf.f71c8dd0f36df588be056f42e2459608.jpg, 0, 0, 0, 0, 0, 1, 0
88_jpg.rf.f9ef452ae45e2ee4a03cda66d4490f24.jpg, 1, 0, 0, 0, 0, 0, 0
images-34-_jpeg.rf.fd41b6d72b61a837323a835504ce9972.jpg, 0, 0, 0, 0, 0, 1, 0
30_jpg.rf.f91fd2b5f1976377446e726c29006009.jpg, 0, 0, 1, 0, 0, 0, 0
116_jpg.rf.f7a0ff47862a922777a49f346851afd8.jpg, 1, 0, 0, 0, 0, 0, 0
images-48-_jpeg.rf.fd216368908f586dfcc306922674a8e2.jpg, 0, 0, 0, 1, 0, 0, 0
images-20-_jpeg.rf.f7b325dcf008037d7272ac9ac8c3e341.jpg, 0, 0, 0, 0, 1, 0, 0
indir-8-_jpeg.rf.f79742123fccaff627c870dc7266415c.jpg, 0, 0, 0, 0, 0, 1, 0
IMG_20240808_184608_jpg.rf.f760938e42a296fdfd1cded71fa2bcd1.jpg, 0, 0, 1, 0, 1, 1, 0
00baeee3-4179-4767-8154-44176560b61a-65f93feec4746_jpg.rf.fc97a6f8f9e34011d28a830f8d19fe09.jpg, 0, 0, 0, 0, 1, 0, 0
images-57-_jpeg.rf.f9a79b79837a3c5c9473450e59c01dc7.jpg, 0, 0, 0, 0, 1, 0, 0
images-57-_jpeg.rf.f879fb6b50d766e1faa84550aa06bce8.jpg, 0, 0, 0, 0, 0, 1, 0
86_jpg.rf.f5e7e8a1f7e1a7e49be8d75928045c52.jpg, 0, 1, 0, 0, 0, 0, 0
images-12-_jpeg.rf.f6219d8eb327b413690d359493d50d29.jpg, 0, 0, 0, 0, 0, 1, 0
36_jpg.rf.fd474238dae3ec53206a40ded394fcb1.jpg, 0, 0, 0, 0, 1, 0, 0
indir-1-_jpeg.rf.fdecc69ecd9d37a73c5b9b6e5ae1186f.jpg, 0, 0, 0, 1, 0, 0, 0
indir-28-_jpeg.rf.ff2c670755b07f03312c76cdb7c2ad83.jpg, 0, 0, 0, 0, 0, 1, 0
17_jpg.rf.fe9cc93e795cc3d9e1b411b81088aece.jpg, 0, 0, 0, 0, 0, 1, 0
108_jpg.rf.fde2a780ab7f8bef97924ae809e00457.jpg, 0, 0, 0, 0, 0, 1, 0
60_jpg.rf.ffdd404301347385213702dfe65722d7.jpg, 0, 0, 0, 0, 1, 0, 0
indir_jpeg.rf.ff11413d74e6abd1cfb5a24407fc665e.jpg, 0, 0, 0, 0, 1, 1, 0
124_jpg.rf.ffcb24036855e1defbc98d7ba41eec34.jpg, 0, 0, 0, 0, 0, 1, 0
123_jpg.rf.fffe7ff22395703d22b426e163f4cc25.jpg, 0, 0, 0, 0, 0, 1, 0
images-1-_jpeg.rf.ff0efc9b64471895396d6c47e4c91d9c.jpg, 0, 0, 0, 1, 0, 0, 0
98_jpg.rf.fe5b72c160ff740b1661af5a1a4bd957.jpg, 0, 0, 0, 0, 1, 0, 0
images-3-_jpeg.rf.ffa60ad8252dc90d1de7602559dde763.jpg, 1, 0, 0, 0, 0, 0, 0
77_jpg.rf.00b81155440c7c58db0f845cdb5d5ff0.jpg, 0, 0, 1, 0, 0, 0, 0
indir-19-_jpeg.rf.00210d40ecfc06e9e136bc17a7797832.jpg, 0, 0, 0, 0, 1, 0, 0
images-20-_jpeg.rf.01460fb1cfc8cc50d854f805599638cf.jpg, 0, 0, 0, 0, 0, 1, 0
91_jpg.rf.016b29e1ab4cbe87ff7d6c716e308942.jpg, 0, 1, 0, 0, 0, 0, 0
images-50-_jpeg.rf.03a0489693f04c20155396aff9da8bb4.jpg, 1, 0, 0, 0, 0, 0, 0
images-53-_jpeg.rf.022a5daa7793fabed0c263d0c54e1185.jpg, 0, 0, 0, 0, 1, 0, 0
images-25-_jpeg.rf.008bf8b6fdda915ba1dcd0c6b0a47db9.jpg, 0, 0, 1, 0, 0, 0, 0
67_jpg.rf.0380b45e5521bb34067e27074fc59fca.jpg, 0, 1, 0, 0, 0, 0, 0
images-40-_jpeg.rf.0333993a97359dafeb13a774426ecd35.jpg, 0, 0, 0, 0, 0, 1, 0
images-26-_jpeg.rf.03e9bf60846621f7604a183a8c13a0b9.jpg, 0, 0, 0, 0, 1, 0, 0
images-25-_jpeg.rf.00b9552fc35bcf0f841f05ae24962341.jpg, 0, 0, 0, 0, 0, 1, 0
images-27-_jpeg.rf.010e01fad3b5bcd965a8e6894601b3d0.jpg, 0, 0, 0, 0, 0, 1, 0
9_jpg.rf.0674d66f4db54acbe5a49da51143ffda.jpg, 0, 0, 1, 0, 0, 0, 0
24_jpg.rf.02eb31c46cb5fe21799aa5cbebddec4a.jpg, 0, 0, 1, 0, 0, 0, 0
indir-21-_jpeg.rf.01a97b4876448feef19a8d4f9fa6d0c6.jpg, 0, 0, 0, 1, 0, 0, 0
5_jpg.rf.0457761ba2244b966fc44f954cb7f0f2.jpg, 1, 0, 0, 0, 0, 0, 0
53_jpg.rf.0406903516b63b327b200950319b5b15.jpg, 1, 0, 0, 0, 0, 0, 0
108_jpg.rf.02fc4c56ff4387711287c7d79a8602fa.jpg, 0, 1, 0, 0, 0, 0, 0
46_jpg.rf.068d02963d6d061b2371edb63c4affc8.jpg, 0, 0, 1, 0, 0, 0, 0
61_jpg.rf.01801483cf5cc84cdbe04c4838a42d8f.jpg, 0, 0, 0, 0, 1, 0, 0
43_jpg.rf.04123f9c1939ff1a91a6ed76651d37d8.jpg, 0, 0, 0, 0, 0, 1, 0
32_jpg.rf.067cd49afc84d5c02cb4a7f6d2e19e0d.jpg, 0, 0, 0, 0, 1, 0, 0
images-10-_jpeg.rf.074efea723ce2c46b9d2fafdc381fe18.jpg, 0, 0, 1, 0, 0, 0, 0
25_jpg.rf.07996e71d18952655d6df345f63b271a.jpg, 0, 0, 0, 0, 0, 1, 0
41_jpg.rf.06ed99a48752e8aaacf489760a30ac8e.jpg, 1, 0, 0, 0, 0, 0, 0
79_jpg.rf.0946bb1c8c4addfb8abd96b697c0fb25.jpg, 0, 0, 0, 0, 0, 1, 0
indir-18-_jpeg.rf.08d511155e221df8819503a9acfdb96d.jpg, 0, 0, 0, 0, 1, 0, 0
indir_jpeg.rf.0b7a102a1b825ac4cfaab0ace0135cdc.jpg, 0, 1, 0, 0, 0, 0, 0
images-4-_jpeg.rf.074ecb522477d5d376bf4268657f5691.jpg, 0, 0, 0, 0, 0, 1, 0
96_jpg.rf.0b620240d95c909dbf8dcff03437e4af.jpg, 0, 0, 0, 0, 1, 0, 0
97_jpg.rf.0aae9d7c00fbfe141fcf5d87abd05da5.jpg, 1, 0, 0, 0, 0, 0, 0
indir-16-_jpeg.rf.0a1bfac8166e32e6c7dea64863c91cb9.jpg, 0, 0, 0, 0, 0, 1, 0
107_jpg.rf.0a10bd1102f03fb8ed3ee3b65b9bf953.jpg, 0, 1, 0, 0, 0, 0, 0
37_jpg.rf.0b4871ca69d5b52fe1e2281fd9bf863d.jpg, 0, 0, 0, 0, 1, 0, 0
images-1-_jpeg.rf.0742bf15c81c498cb5ffebc51d88efe9.jpg, 0, 1, 0, 0, 0, 0, 0
36_jpg.rf.075ed8faf735c6641895ec58a76a71ff.jpg, 1, 0, 0, 0, 0, 0, 0
110_jpg.rf.07f3954360ea75a5350247dc9eaabda3.jpg, 0, 0, 1, 0, 0, 0, 0
87_jpg.rf.0a0ae0b89959056dfd33cd3d02c191d4.jpg, 0, 0, 1, 0, 0, 0, 0
9_jpg.rf.0b298748ac547630a9b67073459d0d5a.jpg, 0, 0, 0, 0, 1, 0, 0
indir-3-_jpeg.rf.098e6f5a133445556cdc6331e284940f.jpg, 1, 0, 0, 0, 0, 0, 0
indir_jpeg.rf.08e44f3d9f67167e27d17be4fccc6f6b.jpg, 0, 0, 0, 0, 1, 0, 0
63_jpg.rf.0bb9475ceb22ebb22e3a09abdd8f74b1.jpg, 0, 0, 1, 0, 0, 0, 0
111_jpg.rf.0b54469bace831cf0d6ee5aab667d82f.jpg, 0, 1, 0, 0, 0, 0, 0
6_jpg.rf.0857ef79319fdbe152002d8f49655409.jpg, 0, 0, 0, 0, 1, 0, 0
34_jpg.rf.0bcece174b8c5e7b594862e01901312b.jpg, 0, 1, 0, 0, 0, 0, 0
121_jpg.rf.0c5b39da851aefc8e563ebb666a6b4e3.jpg, 0, 1, 0, 0, 0, 0, 0
8_jpg.rf.0b83c31c35623531f928beda5dcd9ff8.jpg, 0, 0, 1, 0, 0, 0, 0
images-36-_jpeg.rf.0c7541d024cb0b6723e4dfcb084dbf3b.jpg, 0, 0, 1, 0, 0, 0, 0
indir-23-_jpeg.rf.0c7d51d24cdf2669ea757c0f552c0d52.jpg, 0, 0, 1, 0, 0, 0, 0
49_jpg.rf.0b8ab45d399c1956506ea9beb3d2db50.jpg, 0, 0, 0, 0, 0, 1, 0
indir-34-_jpeg.rf.0c658408521eb70a1c2d1bba737271ce.jpg, 0, 0, 0, 1, 0, 0, 0
images-41-_jpeg.rf.0c297e3036a6812b41fbdc089e68e950.jpg, 0, 0, 0, 0, 0, 1, 0
images-36-_jpeg.rf.0d784475b320e842bf1f6eaac4854db8.jpg, 1, 0, 0, 0, 0, 0, 0
117_jpg.rf.0d0e9e33582760f6538eadeb4b6bbaf1.jpg, 0, 1, 0, 0, 0, 0, 0
60_jpg.rf.0d95b4484d00a505428b43833b6c62f1.jpg, 0, 0, 0, 0, 0, 1, 0
images-40-_jpeg.rf.0dc2b60ceefaf9b8323eab46a10bf30c.jpg, 1, 0, 0, 0, 0, 0, 0
images-37-_jpeg.rf.0fe74ce7c9aaf951aa9a3da3f02f96f6.jpg, 1, 0, 0, 0, 0, 0, 0
images-49-_jpeg.rf.15316814b094e782b3d6415ce6de9396.jpg, 1, 0, 0, 0, 0, 0, 0
images-49-_jpeg.rf.130fe94572dfdc395ff31b01213a1861.jpg, 0, 0, 0, 0, 1, 0, 0
105_jpg.rf.0fa942cef6fa3faf76a1ffce7e6b4446.jpg, 0, 0, 1, 0, 0, 0, 0
57_jpg.rf.156777cf3c54ebef89e2122a50f3e401.jpg, 1, 0, 0, 0, 0, 0, 0
images-6-_jpeg.rf.130830417cd56bce28aee2fecab9740b.jpg, 0, 1, 0, 0, 0, 0, 0
6_jpg.rf.124aa7db074d32f2b2a3defc088537bc.jpg, 0, 1, 0, 0, 0, 0, 0
79_jpg.rf.157de76b38df942d81d03c1c2b81d415.jpg, 0, 1, 0, 0, 0, 0, 0
125_jpg.rf.1539975faa75ef21c026953f836540c6.jpg, 0, 0, 1, 0, 0, 0, 0
70_jpg.rf.15fbd540cb9d12dc48945e12d5142be8.jpg, 0, 0, 0, 0, 0, 1, 0
indir-29-_jpeg.rf.1001f3ee638dea7873c03004bdae1038.jpg, 0, 0, 0, 1, 0, 0, 0
images-28-_jpeg.rf.145d1d732d6c8fc03dcdd087db92311e.jpg, 0, 0, 0, 0, 0, 1, 0
67_jpg.rf.0f2d6165cc101f78f4d91bdb6b14a675.jpg, 0, 0, 1, 0, 0, 0, 0
images-6-_jpeg.rf.1594eb1ed7e97cac675a34511df5ccca.jpg, 0, 0, 0, 1, 0, 0, 0
53_jpg.rf.102f2081400271094d03d15284ce0ef1.jpg, 0, 1, 0, 0, 0, 0, 0
25_jpg.rf.0e88a0e93a3143c8de6f99c558bd3a8e.jpg, 0, 0, 0, 0, 1, 0, 0
images-11-_jpeg.rf.0cc74c28e2ea7fd12f62355a8d03fd5f.jpg, 0, 0, 0, 0, 0, 1, 0
49_jpg.rf.17f371d08ed0343c321fdd0254998de8.jpg, 0, 0, 1, 0, 0, 0, 0
images-9-_jpeg.rf.1328a800b627ba045548a31d32ca5375.jpg, 0, 0, 0, 0, 0, 1, 0
66_jpg.rf.1185d53e5a3ac07e79f9490e819ebe03.jpg, 1, 0, 0, 0, 0, 0, 0
121_jpg.rf.16fb4d5769b72512e7b73aa1a2ca97ea.jpg, 0, 0, 0, 0, 0, 1, 0
images-42-_jpeg.rf.1585ad88723eeb4d902835e6fa15d217.jpg, 0, 0, 0, 0, 0, 1, 0
122_jpg.rf.18899de9ac0d554af6571bdd6213f709.jpg, 0, 1, 0, 0, 0, 0, 0
115_jpg.rf.14d247f6c478ab06af6e89cb6fc2bbd7.jpg, 0, 1, 0, 0, 0, 0, 0
indir-9-_jpeg.rf.19b0994285ae5fbe39bd0a54d64c3a6f.jpg, 0, 1, 0, 0, 0, 0, 0
23_jpg.rf.185277e6872c8528eec605fb84e213a8.jpg, 0, 0, 0, 0, 0, 1, 0
indir-6-_jpeg.rf.19cfeac7fe81b599a9eece42f0a47a86.jpg, 0, 0, 0, 1, 0, 0, 0
images-37-_jpeg.rf.19a4b70981fa66903075d187d955bda7.jpg, 0, 0, 0, 1, 0, 0, 0
36_jpg.rf.1bf6c1b9a17ee21ca4e08ce9a84a7518.jpg, 0, 0, 1, 0, 0, 0, 0
117_jpg.rf.19a86aadce4ba01117da42b421f2a824.jpg, 0, 0, 0, 0, 0, 1, 0
images-36-_jpeg.rf.1caae3be21e4bdc7ef0f4d5ddb36d279.jpg, 0, 0, 0, 0, 1, 0, 0
18_jpg.rf.19b1a40cb55545bad10e6b96829111c6.jpg, 1, 0, 0, 0, 0, 0, 0
images-13-_jpeg.rf.1cc7b2bf222240052e6d35b72c45ec71.jpg, 0, 0, 0, 0, 0, 1, 0
94_jpg.rf.2105d45c883eb51c94d0d3e4fe8be572.jpg, 0, 0, 0, 0, 1, 0, 0
52_jpg.rf.1c3b4fa3e34ba9bbdd324f62130dd4b3.jpg, 0, 0, 0, 0, 1, 0, 0
indir-2-_jpeg.rf.1cf45fb3184b99180e4bfeedcfb4564d.jpg, 0, 0, 0, 0, 1, 0, 0
indir-16-_jpeg.rf.1f1ac9cf98608a4ca04f8539bddbd804.jpg, 0, 0, 0, 1, 0, 0, 0
images-18-_jpeg.rf.1d209e88697c86fe90f0a2e13ba666b8.jpg, 0, 0, 1, 0, 0, 0, 0
images-68-_jpeg.rf.1d6beb8ac4dbd03fd5efd6bd62432d06.jpg, 1, 0, 0, 0, 0, 0, 0
81_jpg.rf.1aa29449743f6c864428a3a1f0fdd3c4.jpg, 0, 0, 0, 0, 1, 0, 0
indir-32-_jpeg.rf.214dfac5c5c0590b53e59fa21566ee86.jpg, 0, 0, 0, 1, 0, 0, 0
92_jpg.rf.1dd0a4be85c507091821f1ebd370c9cc.jpg, 0, 0, 0, 0, 1, 0, 0
indir-18-_jpeg.rf.1d54077581afd62dd3f195a8d7ce5447.jpg, 0, 0, 1, 0, 0, 0, 0
20_jpg.rf.1fa5a7e85ede9469e8a46b236fa1530e.jpg, 1, 0, 0, 0, 0, 0, 0
images-28-_jpeg.rf.211d335b9bc9519e63ee87695d2e363e.jpg, 0, 0, 0, 1, 0, 0, 0
107_jpg.rf.211b499ee6b7b8af1d91a6b7f18fb227.jpg, 0, 0, 0, 0, 0, 1, 0
indir-14-_jpeg.rf.2207d44c31b33770c65e0bf3d09db1f3.jpg, 0, 0, 0, 0, 1, 0, 0
indir-8-_jpeg.rf.2205b291bff609081fe6f3595ee9a24d.jpg, 0, 0, 0, 0, 0, 0, 0
7_jpg.rf.2111147634a3ba14bfa1c3a4bc882ead.jpg, 0, 0, 0, 0, 0, 1, 0
20_jpg.rf.23b9d96b488993b01bc6f957aa7d75e4.jpg, 0, 0, 0, 0, 1, 1, 0
indir-25-_jpeg.rf.1e71e17ca1c87deee53753b83aac17e9.jpg, 0, 0, 1, 0, 0, 0, 0
indir-2-_jpeg.rf.1e577699a49fb40c322cfd7f34a7fc12.jpg, 0, 0, 0, 0, 0, 1, 0
67_jpg.rf.2432215dcf3294c4981763c74248b869.jpg, 0, 0, 0, 0, 1, 0, 0
90_jpg.rf.2083eafaf2723c8380fc5ed05df64afc.jpg, 0, 1, 0, 0, 0, 0, 0
images-14-_jpeg.rf.246f7a555b9e008cf5d4a61e11c4e4a7.jpg, 0, 0, 0, 0, 0, 1, 0
images-28-_jpeg.rf.26618a53f151f3b12ea2e00e8032509b.jpg, 1, 0, 0, 0, 0, 0, 0
indir-9-_jpeg.rf.260effc66ebef3f0aeed206f7238086a.jpg, 0, 0, 0, 0, 0, 1, 0
images-34-_jpeg.rf.2660e942d8b3b30389719ed4c0f916f8.jpg, 0, 0, 0, 1, 0, 0, 0
77_jpg.rf.22ccf9737771eea1fd741ce2e147b4f2.jpg, 0, 0, 0, 0, 1, 0, 0
images-21-_jpeg.rf.21ba5a6473600309431402caece68b77.jpg, 1, 0, 0, 0, 0, 0, 0
indir-37-_jpeg.rf.23436ffdac8b52663b09a6285be30ed3.jpg, 0, 0, 0, 1, 0, 0, 0
42_jpg.rf.25fc3a010a6264a8611ce92af31b067a.jpg, 0, 0, 0, 0, 1, 0, 0
57_jpg.rf.24b58a6fee257444d9e75e3b447d87b5.jpg, 0, 1, 0, 0, 0, 0, 0
images-43-_jpeg.rf.26b9a4914814b8c6257ba61586154d60.jpg, 0, 0, 0, 0, 1, 0, 0
images-45-_jpeg.rf.22b509d4aeecdd6738e66a9f6b30ec5f.jpg, 0, 0, 0, 0, 1, 0, 0
4_jpg.rf.2483e5e994ab75624e789934e7c70d2a.jpg, 0, 1, 0, 0, 0, 0, 0
18_jpg.rf.2672409315a2041a4cbd3b2c8002628b.jpg, 0, 1, 0, 0, 0, 0, 0
87_jpg.rf.26d2ff38edab8458aba0b0ee8fbb48f8.jpg, 0, 0, 0, 0, 0, 1, 0
images-4-_jpeg.rf.24c8cebb659ad266731c7499798eac6b.jpg, 0, 0, 0, 0, 1, 0, 0
images-21-_jpeg.rf.24a4a84efa65ffa06fc742097cc944e2.jpg, 0, 0, 0, 0, 0, 1, 0
91_jpg.rf.2607d252e597e9a937ba9058ea6a72d6.jpg, 1, 0, 0, 0, 0, 0, 0
34_jpg.rf.269bf73375ca1f6e2df6ff2eb309386b.jpg, 0, 0, 0, 0, 1, 0, 0
indir-21-_jpeg.rf.28c6e7c8c653d0dc3a4c7ab9af64096c.jpg, 0, 0, 0, 0, 0, 1, 0
46_jpg.rf.274cb58a5f4b8655ae7808216ee01ef2.jpg, 0, 0, 0, 0, 1, 0, 0
images-6-_jpeg.rf.221a97d01e9ac87b1de2801cfb6793f1.jpg, 0, 0, 0, 0, 1, 0, 0
81_jpg.rf.27179e61b11a38ad55b41424d46ff57c.jpg, 0, 1, 0, 0, 0, 0, 0
22_jpg.rf.286e915710afb41ff6c86400ce39cd54.jpg, 0, 0, 0, 0, 0, 1, 0
images-45-_jpeg.rf.27523b4080efbe40c741c4cea6532306.jpg, 1, 0, 0, 0, 0, 0, 0
30_jpg.rf.292a102620d416b97fc4f61f71291f8c.jpg, 0, 0, 0, 0, 1, 0, 0
indir-3-_jpeg.rf.28939443674ba2759fb38dcf6d06a5ab.jpg, 0, 0, 0, 1, 0, 0, 0
59_jpg.rf.2948bfdaa138c0073b97432bebbd657d.jpg, 0, 0, 0, 0, 1, 0, 0
images-40-_jpeg.rf.2943dae72a80bd45e722947966f3f326.jpg, 0, 1, 0, 0, 0, 0, 0
images-17-_jpeg.rf.275673b89ea9ad40f17760e7f71a5860.jpg, 0, 0, 1, 0, 0, 0, 0
indir-17-_jpeg.rf.6e4e19148ff9c0ba6ffc39c4765490a8.jpg, 0, 0, 0, 0, 0, 1, 0
92_jpg.rf.6d88d56a8383cedf2d63d62ce833ba05.jpg, 0, 0, 1, 0, 0, 0, 0
51_jpg.rf.6f05e97ab8cbe7a0c23757b9bba63af5.jpg, 0, 0, 1, 0, 0, 0, 0
121_jpg.rf.6cecb6349f6281017dde05c08b92146f.jpg, 0, 0, 1, 0, 0, 0, 0
20_jpg.rf.6c6d53f6e3ef8315bd52a6356e552d08.jpg, 0, 0, 1, 0, 0, 0, 0
118_jpg.rf.70f19da803e86b5eedf079d00ab905f0.jpg, 0, 0, 0, 0, 0, 1, 0
41_jpg.rf.6dcdc5ecf055622ed046795039035585.jpg, 0, 0, 1, 0, 0, 0, 0
122_jpg.rf.700aaac9786fcafd3d8924e530b67615.jpg, 0, 0, 0, 0, 0, 1, 0
99_jpg.rf.6f2f6bf3ab4c4dc09d6fe3ba7dd408cf.jpg, 0, 0, 1, 0, 0, 0, 0
109_jpg.rf.6d087da96cbbd1c59fb7e7963500ca05.jpg, 0, 0, 0, 0, 0, 1, 0
images-16-_jpeg.rf.6d87461278870ab0cdf245946d8a787b.jpg, 0, 0, 0, 0, 0, 1, 0
images-74-_jpeg.rf.6fa32a57c7d7f6326ad6c0fa68513209.jpg, 0, 0, 0, 0, 1, 0, 0
images-39-_jpeg.rf.6d75a3f4744df729f5b60662780dca0c.jpg, 0, 0, 0, 1, 0, 0, 0
indir-7-_jpeg.rf.719550f35be4e32625cf155793c7a442.jpg, 0, 1, 0, 0, 0, 0, 0
indir-6-_jpeg.rf.6ebadb2d548f9b673199931bd553a96a.jpg, 1, 1, 0, 0, 0, 0, 0
115_jpg.rf.6fc8fb9ecac4eda6643996ae4b1036cf.jpg, 0, 0, 1, 0, 0, 0, 0
39_jpg.rf.70c745c19ce753f08b4506fef1d68810.jpg, 1, 0, 0, 0, 0, 0, 0
images-62-_jpeg.rf.6f82c0cec488bb82af10bd4bb121490c.jpg, 1, 0, 0, 0, 0, 0, 0
74_jpg.rf.6f13c9e4f1c2336b79238bdfc7287282.jpg, 1, 0, 0, 0, 0, 0, 0
32_jpg.rf.70c25587bb75ce0bc62326f4e8c23ba9.jpg, 0, 0, 1, 0, 0, 0, 0
85_jpg.rf.70f86c01f14b41a624f79fc6985ea145.jpg, 0, 0, 0, 0, 0, 1, 0
41_jpg.rf.6f8196d78a8fd8bd291101c7a1d9048f.jpg, 0, 1, 0, 0, 0, 0, 0
67_jpg.rf.702a04fbf07301471c546709e84f2c62.jpg, 0, 0, 0, 0, 0, 1, 0
63_jpg.rf.6f62972a8ea1e19b0ece82602c186460.jpg, 0, 0, 0, 0, 0, 1, 0
images-4-_jpeg.rf.71d7e11b985b1fe5eeb3f3b60cbd54a8.jpg, 0, 0, 1, 0, 0, 0, 0
images-41-_jpeg.rf.7243c37925871bf1c224272959e08c7e.jpg, 1, 0, 0, 0, 0, 0, 0
82_jpg.rf.71da35a079e49a0c9ba4b333a0a814e3.jpg, 0, 0, 1, 0, 0, 0, 0
indir-19-_jpeg.rf.7322e6c7caaad078daf249284e4c22da.jpg, 0, 1, 0, 0, 0, 0, 0
83_jpg.rf.7259c11797fae9fc7027548f38c3494d.jpg, 1, 0, 0, 0, 0, 0, 0
indir-3-_jpeg.rf.71fa305e91fad388281f6a63f97129d3.jpg, 0, 0, 0, 0, 0, 1, 0
images-16-_jpeg.rf.75b7a570b1183489a2b5f8aa4fce1ff3.jpg, 0, 0, 0, 0, 1, 0, 0
images-44-_jpeg.rf.742feb5523fa3d850b2b48a69668b9cd.jpg, 0, 0, 0, 0, 0, 1, 0
images-65-_jpeg.rf.734cfa1a82f3072a259af55ece022676.jpg, 0, 0, 0, 0, 1, 0, 0
images-32-_jpeg.rf.7571a139cca61345ab7c91d7ae7e1c2f.jpg, 0, 0, 0, 1, 0, 0, 0
37_jpg.rf.752e2d9377834fed56edf82ffac7d316.jpg, 0, 0, 0, 0, 0, 1, 0
9_jpg.rf.75b4c20a5e149b3cceb64b0e7143f57b.jpg, 0, 0, 0, 0, 1, 0, 0
19_jpg.rf.73d171196679d4b4a18d7d0bf75f2575.jpg, 0, 0, 1, 0, 0, 0, 0
80_jpg.rf.78d04c9ebdc583150ae23b8a3a76e556.jpg, 1, 0, 0, 0, 0, 0, 0
indir-6-_jpeg.rf.7787a256d625d84d4fd70e2d2e3ae199.jpg, 0, 1, 0, 0, 0, 0, 0
images-9-_jpeg.rf.7603df31d20cca5dd188af2a2cafcec4.jpg, 0, 0, 0, 1, 0, 0, 0
45_jpg.rf.7309f6876b89232e41204d2daa0314c4.jpg, 1, 0, 0, 0, 0, 0, 0
indir-4-_jpeg.rf.78208b233cff3f0810dcf335e1ee4a35.jpg, 0, 0, 0, 0, 0, 1, 0
images-59-_jpeg.rf.7532d1dac95d69bb1a5167f58778ce79.jpg, 0, 1, 0, 0, 0, 0, 0
images-51-_jpeg.rf.72ce7af27ffff81f07896da8048864d9.jpg, 0, 0, 0, 1, 0, 0, 0
images-44-_jpeg.rf.755d959e9ebdad94aacd191e254ebd4b.jpg, 0, 0, 0, 0, 1, 0, 0
images-42-_jpeg.rf.77669c9a1a741ba9e1b74efcfe81de69.jpg, 0, 0, 1, 0, 0, 0, 0
100_jpg.rf.7413d294d23717fd966890109ed20792.jpg, 0, 1, 0, 0, 0, 0, 0
75_jpg.rf.7875c67f1db6485a446dd244593cc7f7.jpg, 0, 0, 0, 0, 1, 0, 0
indir-22-_jpeg.rf.7a99a3ef6b43958810286aebee4b8747.jpg, 0, 1, 0, 0, 0, 0, 0
images_jpeg.rf.6ec3406e2ea496d82d2e60c58452b2a3.jpg, 1, 0, 0, 0, 0, 0, 0
58_jpg.rf.7b5d3037488512753114ee15bed252d0.jpg, 1, 0, 0, 0, 0, 0, 0
images-66-_jpeg.rf.790e0bc4953c6af1a50ff74533f393ba.jpg, 0, 0, 0, 0, 1, 0, 0
80_jpg.rf.7b5db144e3966d089a0353047e48b511.jpg, 0, 0, 0, 0, 0, 1, 0
83_jpg.rf.7b5d53458c6069595e451893c833843f.jpg, 0, 0, 1, 0, 0, 0, 0
images-1-_jpeg.rf.7a22d30f6b41bfd8cd383f5f86bd7e78.jpg, 0, 0, 0, 0, 1, 0, 0
117_jpg.rf.7c67f645a400809ce398c5d9f6c91b4e.jpg, 1, 0, 0, 0, 0, 0, 0
images-36-_jpeg.rf.7f2359193b0c0478e7141837b10048f4.jpg, 0, 0, 0, 0, 1, 1, 0
indir-24-_jpeg.rf.7c57fefd133f417058e15d4f23836ffc.jpg, 0, 0, 1, 0, 0, 0, 0
IMG_20240808_184602_jpg.rf.7fb84b652dc020caced2303ec34cb642.jpg, 0, 0, 1, 1, 0, 1, 0
images-52-_jpeg.rf.803f28bc8149bf35a0abd8525c4e5860.jpg, 0, 0, 0, 0, 0, 1, 0
82_jpg.rf.7f1823756d7acfcf1dbbf2ddf493de95.jpg, 0, 0, 0, 0, 1, 0, 0
images-32-_jpeg.rf.80ea8d311ef682ab16098c003579a520.jpg, 0, 0, 0, 0, 0, 1, 0
22_jpg.rf.7de888dab667a6e91c2fa47213500824.jpg, 0, 1, 0, 0, 0, 0, 0
5_jpg.rf.7ceb08ded98b233117582e5fc0c3917d.jpg, 0, 0, 0, 0, 1, 0, 0
5_jpg.rf.81d6c33b1282e6d35034c00df8a2b749.jpg, 0, 0, 0, 0, 0, 1, 0
indir-4-_jpeg.rf.818157ab33a9488da7334f2d48c9b1c9.jpg, 0, 0, 0, 0, 1, 0, 0
images-31-_jpeg.rf.7d1ee242195f9270b14042a4c7c2d8bd.jpg, 0, 0, 0, 0, 0, 1, 0
indir-27-_jpeg.rf.8183ba1982bd31f295fe9f2be3d976b7.jpg, 0, 0, 0, 1, 0, 0, 0
122_jpg.rf.7d9a19b5650af1587355ce1d423d86e2.jpg, 0, 0, 1, 0, 0, 0, 0
images-34-_jpeg.rf.813574aae521cf09f735791595560900.jpg, 0, 0, 1, 0, 0, 0, 0
120_jpg.rf.7c3831ae1af666a8b932ad2354f7b20c.jpg, 0, 0, 1, 0, 0, 0, 0
indir-2-_jpeg.rf.7dd2f8196d9d3860cd557c68d2c79d74.jpg, 1, 1, 0, 0, 0, 0, 0
10_jpg.rf.80c40d75dcc4674ae489b7a52a5b5114.jpg, 0, 0, 1, 0, 0, 0, 0
images-77-_jpeg.rf.7e82e34935dc55b600ee2af6bda4a141.jpg, 0, 0, 0, 0, 1, 0, 0
113_jpg.rf.7f1ed78dd60349e43684ff3144ce3ea6.jpg, 0, 0, 1, 0, 0, 0, 0
indir-28-_jpeg.rf.8072f7ea128fc67ce34868262c3e6d86.jpg, 0, 1, 0, 0, 0, 0, 0
indir_jpeg.rf.7e88ca575f30ef5c81134e0c6d3ed6f4.jpg, 0, 0, 1, 0, 0, 0, 0
46_jpg.rf.823431efebcf4c4854d54d468a3d989d.jpg, 0, 1, 0, 0, 0, 0, 0
images-23-_jpeg.rf.7cd5ee3a9671fb8ca9daa6afe6c2cdf2.jpg, 0, 0, 0, 1, 0, 0, 0
images-18-_jpeg.rf.84abe70d6346c86a783be664d4dc6e41.jpg, 0, 0, 0, 0, 0, 1, 0
indir-15-_jpeg.rf.7e8e158663624fda3002aaaac2ddb91e.jpg, 0, 0, 0, 0, 0, 1, 0
images-13-_jpeg.rf.83fec768d252bd849fee2fa2120a8a66.jpg, 0, 0, 0, 0, 1, 0, 0
62_jpg.rf.84c05f3eebd8388727f22a1425abfcad.jpg, 0, 0, 0, 0, 0, 1, 0
indir-17-_jpeg.rf.84b34e155711eaef9e5e1a273fd0db84.jpg, 0, 0, 0, 0, 1, 0, 0
21_jpg.rf.873cd88e17956b2b3535c100d71106bf.jpg, 1, 0, 0, 0, 0, 0, 0
images-37-_jpeg.rf.86dfeef36b8b7d978c43e98ac7c787f4.jpg, 0, 0, 0, 0, 1, 0, 0
47_jpg.rf.84f6fc67a3a0720c2b62a9715d18d724.jpg, 0, 0, 1, 0, 0, 0, 0
54_jpg.rf.87bbb05ddac40630971e88a8365554ba.jpg, 0, 0, 1, 0, 0, 0, 0
images-14-_jpeg.rf.891dd6e62721e567b8300293bd490236.jpg, 0, 0, 0, 1, 0, 0, 0
indir-28-_jpeg.rf.8cebedc10c43b7fdbb93a1c5d9606d06.jpg, 0, 0, 0, 1, 0, 0, 0
95_jpg.rf.85ffe177eae3ff0ae3d9454789e59ad6.jpg, 1, 0, 0, 0, 0, 0, 0
images-58-_jpeg.rf.8a562d0974a1ba803b3199f0f57b8301.jpg, 0, 0, 0, 0, 1, 0, 0
images-15-_jpeg.rf.8a534cc159dfdce2bcfe273fcc5e24ce.jpg, 0, 0, 0, 0, 0, 1, 0
15_jpg.rf.87de403980a50927d8d2cf15bbc65793.jpg, 0, 0, 0, 0, 0, 1, 0
93_jpg.rf.896f1bbccbe4441650a3a916f5c19609.jpg, 0, 0, 0, 0, 0, 1, 0
indir-5-_jpeg.rf.848ae8eb7620e397d2d44552e951e132.jpg, 0, 0, 0, 1, 0, 0, 0
indir-13-_jpeg.rf.8814422dcb637a13af1470711e4df6cd.jpg, 0, 0, 0, 0, 0, 1, 0
images-47-_jpeg.rf.88ac6a3a7b794c33553f3bc97c6d9ba8.jpg, 0, 1, 0, 0, 0, 0, 0
94_jpg.rf.87e79080b2ae18b9f91a501f3bef9f11.jpg, 0, 0, 0, 0, 0, 1, 0
123_jpg.rf.8b801517d7b6765db6a1a3294758ce61.jpg, 0, 0, 1, 0, 0, 0, 0
indir-5-_jpeg.rf.8b2b014619ca68e0ad43d79fa6b1d107.jpg, 0, 0, 0, 1, 0, 0, 0
65_jpg.rf.8a6d5216d4eb8b85d6bcd73724e7b6fc.jpg, 1, 0, 0, 0, 0, 0, 0
images-30-_jpeg.rf.8754fee78cf45490b141b67ceddc5e46.jpg, 0, 0, 0, 1, 0, 0, 0
indir-26-_jpeg.rf.89763eb1a3b6a636d9e2233c8c0c707e.jpg, 0, 0, 0, 1, 0, 0, 0
images-52-_jpeg.rf.8cf7c0b58260a84c6571e53c4f1af84b.jpg, 1, 0, 0, 0, 0, 0, 0
59_jpg.rf.8d529156f60a80ccb9bf5e3dc4a334df.jpg, 0, 0, 1, 0, 0, 0, 0
117_jpg.rf.894a666151ab49f7840ea5e46a2e33e1.jpg, 0, 0, 1, 0, 0, 0, 0
indir-8-_jpeg.rf.8d173412cdce034624ad7e0947c4acb7.jpg, 0, 1, 0, 0, 0, 0, 0
69_jpg.rf.8da76e482d58da39a0519e181edc3c61.jpg, 0, 0, 1, 0, 0, 0, 0
109_jpg.rf.8d6e8ba833edd229b9c61be909c1c9bd.jpg, 0, 1, 0, 0, 0, 0, 0
40_jpg.rf.8942411c9bb0544992cdb5329bb38f03.jpg, 0, 0, 0, 0, 1, 0, 0
images-23-_jpeg.rf.8e715586df1d6b8e327697cf71a4bb83.jpg, 1, 0, 0, 0, 0, 0, 0
29_jpg.rf.8d3beafd0428b44d31060618bb7471af.jpg, 0, 0, 0, 0, 1, 0, 0
207_jpg.rf.8de44de77e10e0a5f9c55427b4125fe9.jpg, 0, 0, 0, 0, 0, 0, 1
images-15-_jpeg.rf.8ebc5711850ee37d2c934780a0bd9745.jpg, 0, 0, 1, 0, 0, 0, 0
32_jpg.rf.903e01f0cac496e76ba9f1d83d8337f3.jpg, 1, 0, 0, 0, 0, 0, 0
1_jpg.rf.9146ee16e2633b107505809ea5c6b3b1.jpg, 0, 0, 0, 0, 0, 1, 0
images-29-_jpeg.rf.8f7fecbcea084f91b8a159f507c0f8e5.jpg, 0, 0, 1, 0, 0, 0, 0
92_jpg.rf.9167f3f9ebbe68fcdbf1478318f06ec9.jpg, 0, 1, 0, 0, 0, 0, 0
102_jpg.rf.9232901d3c594af6c86f0c9da59d07b3.jpg, 0, 0, 1, 0, 0, 0, 0
images-18-_jpeg.rf.907015adb0cf8752fad02e6432b5b7af.jpg, 1, 0, 0, 0, 0, 0, 0
images-1-_png.rf.907e17137400a76b7af7e5c9e27291f4.jpg, 0, 0, 0, 0, 1, 0, 0
images-25-_jpeg.rf.922fb66c72bb6fb8838e8db6ea065f76.jpg, 1, 0, 0, 0, 0, 0, 0
80_jpg.rf.8f77ac13298d90e9a37a4026c05b95b6.jpg, 0, 0, 0, 0, 1, 0, 0
55_jpg.rf.909b22d8424114394f878757a3b92bea.jpg, 0, 0, 0, 0, 1, 0, 0
85_jpg.rf.936c5413b1415e53b9a6823d36e6b698.jpg, 1, 0, 0, 0, 0, 0, 0
17_jpg.rf.9365603bf24d1af72720a1204df98894.jpg, 0, 0, 0, 0, 1, 0, 0
38_jpg.rf.9283c9b7034815565868bd5ba45d9cf1.jpg, 0, 0, 0, 0, 0, 1, 0
62_jpg.rf.92dc61e12fd1edd31784e1bd9349f0e8.jpg, 0, 0, 1, 0, 0, 0, 0
3_jpg.rf.9385ff09ac6981ef5a2de831429fa9b1.jpg, 1, 0, 0, 0, 0, 0, 0
indir-12-_jpeg.rf.9387df3d107b9cbef6aa716ed00bbbe3.jpg, 0, 1, 0, 0, 0, 0, 0
7_jpg.rf.913b17a732d4bc5a9074651a43aaed42.jpg, 0, 0, 0, 0, 1, 0, 0
images-30-_jpeg.rf.93baeb22a1df5e6f1a6b3b2e260e115b.jpg, 0, 1, 0, 0, 0, 0, 0
127_jpg.rf.937febe5ab2bc5b42db3c0aa60702a91.jpg, 0, 0, 1, 0, 0, 0, 0
76_jpg.rf.946c0d36b900d5778a3d476e1791e8d9.jpg, 0, 0, 0, 0, 0, 1, 0
indir-11-_jpeg.rf.93a8497e19999c89df6e6f3b72e4d348.jpg, 0, 1, 0, 0, 0, 0, 0
97_jpg.rf.8fb7f85776efd8508d1c98139026a2fe.jpg, 0, 0, 0, 0, 1, 0, 0
indir-27-_jpeg.rf.94969f9691f7f8b5a43eb3bbbf18eadd.jpg, 0, 1, 0, 0, 0, 0, 0
images-48-_jpeg.rf.94a73cf382687ad2ce61dcf6939ad63f.jpg, 0, 0, 0, 0, 0, 1, 0
65_jpg.rf.93cef24793c641d467d54047425b1fdb.jpg, 0, 0, 0, 0, 0, 1, 0
images-52-_jpeg.rf.94d88c9c35c5cc3dba8fcfbd9f5db060.jpg, 0, 0, 0, 0, 1, 0, 0
images-44-_jpeg.rf.956af6da379ac265dd9b1c7b8b847bf9.jpg, 0, 1, 0, 0, 0, 0, 0
images-22-_jpeg.rf.94f5eb66da18d8273989ef8f6d638190.jpg, 1, 0, 0, 0, 0, 0, 0
34_jpg.rf.984b180b1153b5ff48a7c873fb06d015.jpg, 0, 0, 1, 0, 0, 0, 0
69_jpg.rf.97028c251360d701fa2761ba480b61db.jpg, 0, 1, 0, 0, 0, 0, 0
72_jpg.rf.964a6131b4c75057defe5609c7b0dd36.jpg, 1, 0, 0, 0, 0, 0, 0
indir-13-_jpeg.rf.9b45810966ef98b02b9908ac8109e976.jpg, 0, 0, 0, 1, 0, 0, 0
indir-12-_jpeg.rf.9a0a2afcfe228441a9b0a5552ca5b9d0.jpg, 0, 0, 1, 0, 0, 0, 0
84_jpg.rf.9b4a524e9b6fd150670b10d7be8162cc.jpg, 0, 0, 1, 0, 0, 0, 0
86_jpg.rf.9adf30e796927c7cad8a4abec80df750.jpg, 1, 0, 0, 0, 0, 0, 0
images-38-_jpeg.rf.98fc50b39536888f67cdf8f935c2b6ec.jpg, 0, 0, 0, 0, 1, 0, 0
images-50-_jpeg.rf.9989d708d9045927361fb49d8eed9d2c.jpg, 0, 0, 0, 0, 0, 1, 0
22_jpg.rf.99148d56ad61f7fe76e4dd1163f46c5f.jpg, 1, 0, 0, 0, 0, 0, 0
indir-10-_jpeg.rf.9780bbdf750147bc0f51a204450c7fe2.jpg, 0, 0, 0, 0, 0, 1, 0
images-71-_jpeg.rf.9ba62534b2612e1dc912fea770d8f4f5.jpg, 0, 0, 0, 0, 1, 0, 0
87_jpg.rf.98c6c682bc131c0280ee031bd8910343.jpg, 1, 0, 0, 0, 0, 0, 0
indir-6-_jpeg.rf.98ba95a24178c0d220d174bdac5dff3b.jpg, 1, 0, 0, 0, 0, 0, 0
5_jpg.rf.9b7c3a4cb7b06d3355499ec450fbd293.jpg, 0, 0, 1, 0, 0, 0, 0
15_jpg.rf.9e303ac2f82b08a47c9f7a282f2f0d93.jpg, 0, 1, 0, 0, 0, 0, 0
images-12-_jpeg.rf.95bb6297f153e9b2a7195ce7c4d50d6e.jpg, 0, 0, 1, 0, 0, 0, 0
IMG_20240808_184617_jpg.rf.961479b4d6582ab6ab56a2d021cf116a.jpg, 1, 1, 0, 0, 0, 0, 0
indir-42-_jpeg.rf.9b6553dce5873032a98ae788c87775d6.jpg, 0, 0, 0, 1, 0, 0, 0
65_jpg.rf.9df99212e3078f44989a4703462d16e0.jpg, 0, 0, 0, 0, 1, 0, 0
indir-14-_jpeg.rf.9c302d6e3f2d18197705209c01cfeebf.jpg, 0, 0, 0, 1, 0, 0, 0
images-47-_jpeg.rf.95d76c9ebdd68cf2e86f247476eff045.jpg, 0, 0, 0, 0, 0, 1, 0
indir-8-_jpeg.rf.9bf92632b9ae276f1ad026f9a0ee3c49.jpg, 1, 0, 0, 0, 0, 0, 0
images-7-_jpeg.rf.9d3ad0948ae8836b139c4e5f0a0b9027.jpg, 0, 0, 0, 0, 0, 1, 0
68_jpg.rf.9c111362ade58bf37eaf4c7badac4ada.jpg, 0, 0, 0, 0, 1, 0, 0
76_jpg.rf.9d5d160c3f5a0b5dceec73d481a13ebe.jpg, 0, 1, 0, 0, 0, 0, 0
103_jpg.rf.a0e386f9f15a85c6e8b0a89c308435d3.jpg, 0, 0, 1, 0, 0, 0, 0
13_jpg.rf.a13db18636ba9715135e930dd6cc7784.jpg, 0, 1, 0, 0, 0, 0, 0
126_jpg.rf.a1ac58126df8522d67a9c375795a8238.jpg, 0, 1, 0, 0, 0, 0, 0
images-64-_jpeg.rf.a009c2fec9b130848cb7317c2c7e60f7.jpg, 1, 0, 0, 0, 0, 0, 0
28_jpg.rf.9f71404a000c8378eb60f59ded206f83.jpg, 0, 0, 1, 0, 0, 0, 0
24_jpg.rf.a1fc2524a2ca5fecb6d86f37b886dcec.jpg, 0, 0, 0, 0, 1, 0, 0
images-22-_jpeg.rf.a3ea08bfe383acf637379eed9e0472c0.jpg, 0, 0, 0, 1, 0, 0, 0
images-48-_jpeg.rf.a3809e9d1b0132dcf177cdada13b20c8.jpg, 0, 1, 0, 0, 0, 0, 0
indir-1-_jpeg.rf.9edd97f0508f1885a0d7245c1daa803e.jpg, 0, 1, 0, 0, 0, 0, 0
indir-21-_jpeg.rf.9e988ba893d0e0b5bc9866a0b9e2806c.jpg, 0, 0, 1, 0, 0, 0, 0
6_jpg.rf.a102d235346a2dc5052095be0b1a01fb.jpg, 0, 0, 0, 0, 0, 1, 0
indir-31-_jpeg.rf.a02a9cc24b80b3b60712d1619bb2489a.jpg, 0, 0, 0, 0, 0, 1, 0
21_jpg.rf.a36c33ce9c787cd6bc3acb2294128d71.jpg, 0, 1, 0, 0, 0, 0, 0
images-21-_jpeg.rf.a399eab48b271fbead53cce53b7ecda0.jpg, 0, 1, 0, 0, 0, 0, 0
89_jpg.rf.9b6c5d7687208a1961ed9aba0bafc27c.jpg, 0, 0, 0, 0, 0, 0, 0
115_jpg.rf.a02006b3b6c867d29f3a6dd66c3fb390.jpg, 0, 0, 0, 0, 0, 1, 0
8_jpg.rf.a117eac265e476619b648411dc65fee4.jpg, 0, 1, 0, 0, 0, 0, 0
45_jpg.rf.a14c6f18f20327352eb6f091cecb1e2e.jpg, 0, 0, 0, 0, 0, 1, 0
74_jpg.rf.a22eda4ae402c02e47d984d73baf07ff.jpg, 0, 0, 0, 0, 0, 1, 0
indir-13-_jpeg.rf.9fab91f5ef2931827e9e6f6992ba862e.jpg, 0, 0, 1, 0, 0, 0, 0
images-51-_jpeg.rf.a377d4a54b0c8aa2e28e5263eaaa6338.jpg, 0, 0, 0, 0, 0, 1, 0
indir-14-_jpeg.rf.a56efe26058499af774cee7b901d96ed.jpg, 0, 0, 0, 0, 0, 0, 0
images-56-_jpeg.rf.a47cf9ef652b3a43e95a04c2bd5e5dd7.jpg, 1, 0, 0, 0, 0, 0, 0
95_jpg.rf.a52828aa5c999c42b3ea3b8bd59d8a86.jpg, 0, 0, 0, 0, 0, 1, 0
images-33-_jpeg.rf.a575b6030bc478f71728cbd36d413f98.jpg, 1, 0, 0, 0, 0, 0, 0
images-30-_jpeg.rf.a6ef93ac00cb3cbb55b1ddf75f522805.jpg, 0, 0, 0, 0, 0, 1, 0
78_jpg.rf.a6b2d0ed70eebffc701666431dd42867.jpg, 0, 1, 0, 0, 0, 0, 0
images-17-_jpeg.rf.a7ff73d7e80fe28f959164a9bc8b3fd5.jpg, 0, 0, 0, 1, 0, 0, 0
images-28-_jpeg.rf.a842f54a1d8bf6d24e9b5c2f8edda030.jpg, 0, 1, 0, 0, 0, 0, 0
images-38-_jpeg.rf.a5fc939acea180d9a465538c3d336d2a.jpg, 1, 0, 0, 0, 0, 0, 0
97_jpg.rf.a783b34d5edf13a3562c33516be51142.jpg, 0, 0, 0, 0, 0, 1, 0
55_jpg.rf.aaff4c6387a803269afceba591aa2b0f.jpg, 0, 0, 0, 0, 0, 1, 0
images-55-_jpeg.rf.aafa9fc65462b1bbe383bd4b54c073bc.jpg, 1, 0, 0, 0, 0, 0, 0
indir-14-_jpeg.rf.a86fabc68bd25a7894a01f1a18516f5b.jpg, 0, 1, 0, 0, 0, 0, 0
8_jpg.rf.a63bb37ea96db46e0d248782c691690b.jpg, 0, 0, 0, 0, 0, 1, 0
images-39-_jpeg.rf.a8646640f4f47e652f8c3e6ece39db01.jpg, 1, 0, 0, 0, 0, 0, 0
109_jpg.rf.a947f18476325f9dc76f9aba255c203e.jpg, 1, 0, 0, 0, 0, 0, 0
29_jpg.rf.abe9879fb4cc16c298fa7b1deb4fb66c.jpg, 0, 0, 1, 0, 0, 0, 0
images-37-_jpeg.rf.a88121901b4090f7f1d22b490146d8de.jpg, 0, 1, 0, 0, 0, 0, 0
images-72-_jpeg.rf.a8127d2ccd1b6e151764da5ecb22b89a.jpg, 0, 0, 0, 0, 1, 0, 0
a743f458-bc89-4572-af1c-38b11d839245_jpg.rf.aa47a92bc769f4e99e4cad1299e29e42.jpg, 0, 0, 0, 1, 0, 0, 0
luleburgaz-corner-avm-a101-hic-tester-deodorant-yok-1_jpg.rf.a5a9bd8021ae34f429bf03ee7e4b950a.jpg, 1, 1, 0, 0, 0, 0, 0
images-13-_jpeg.rf.ab6a3c3b938498bb7ac4a42cfbeb0eb6.jpg, 0, 0, 0, 1, 0, 0, 0
81_jpg.rf.a85c0fbc2364397034ae47e778faedab.jpg, 0, 0, 0, 0, 0, 1, 0
50_jpg.rf.aca249ef0254fec630c25f258093c948.jpg, 0, 0, 1, 0, 0, 0, 0
images-24-_jpeg.rf.a620d4a02a3fc6945e45fb207409cf53.jpg, 0, 0, 0, 1, 0, 0, 0
95_jpg.rf.aa464f35e2de5815f5537459a5ce19c3.jpg, 0, 0, 1, 0, 0, 0, 0
74_jpg.rf.a9d6dadcda1cfe35b259097ef965df4e.jpg, 0, 0, 0, 0, 1, 0, 0
images-29-_jpeg.rf.ac02e6bcdbf9f97dde52db2adea39b4c.jpg, 0, 0, 0, 0, 0, 1, 0
images-61-_jpeg.rf.abea2899a9d0826ac5656361bc314467.jpg, 0, 0, 0, 0, 0, 1, 0
11_jpg.rf.ad1a840007002e6a2137b699252961c1.jpg, 0, 0, 0, 0, 0, 1, 0
66_jpg.rf.ad02155b436d659b1f91af1f45b15ecf.jpg, 0, 1, 0, 0, 0, 0, 0
indir-9-_jpeg.rf.ad1b0d0ee74ca611e29e05a8db3986ae.jpg, 1, 0, 0, 0, 0, 0, 0
73_jpg.rf.adc0acb77191129c5bfa08fbedd22bd3.jpg, 0, 0, 0, 0, 0, 1, 0
indir-12-_jpeg.rf.af5ef1c39cf83c0d9fea28c7bb549a85.jpg, 0, 0, 0, 0, 1, 0, 0
59_jpg.rf.ae5b67cee3ae96737d17a90e7948f27b.jpg, 0, 1, 0, 0, 0, 0, 0
99_jpg.rf.aed0aec0a3ccb2a0002d59c6deae8000.jpg, 1, 0, 0, 0, 0, 0, 0
23_jpg.rf.aaad44a075da5ff305c756c078c2c536.jpg, 0, 1, 0, 0, 0, 0, 0
images-22-_jpeg.rf.af4cf13c22bd96ef3c3936c2a509e9b0.jpg, 0, 1, 0, 0, 0, 0, 0
112_jpg.rf.aec09a27a4976a12110e5d99b46e5738.jpg, 0, 0, 1, 0, 0, 0, 0
42_jpg.rf.af37aeed1fc61903596f6364b4b2fc59.jpg, 0, 0, 1, 0, 0, 0, 0
12_jpg.rf.b1143bb1ca1eb47c9e2c6cc8543dc5cb.jpg, 0, 1, 0, 0, 0, 0, 0
28_jpg.rf.aeda45e9b6c8a7557c49d0790d7d8e48.jpg, 0, 0, 0, 0, 1, 0, 0
104_jpg.rf.b29cefd16599f301fa7e9cf983ed27a2.jpg, 0, 1, 0, 0, 0, 0, 0
111_jpg.rf.b115507396bf51de0154fa212de1a15a.jpg, 0, 0, 1, 0, 0, 0, 0
71_jpg.rf.af661259e5a94e610d3df17a9e673948.jpg, 0, 0, 0, 0, 0, 1, 0
images-2-_jpeg.rf.b0eb4482d3690b76ddee0071b5527a10.jpg, 0, 0, 1, 0, 0, 0, 0
indir-15-_jpeg.rf.b15d065a92dccd1b45883da96b1bdc93.jpg, 0, 0, 0, 1, 0, 0, 0
47_jpg.rf.afbadab31221b922dcd81f2afa61c180.jpg, 0, 1, 0, 0, 0, 0, 0
114_jpg.rf.ae6a2698702a1e140156911f71faf033.jpg, 0, 0, 1, 0, 0, 0, 0
43_jpg.rf.b12d5b6bf1bf7b6211a14cc00b780678.jpg, 1, 0, 0, 0, 0, 0, 0
images-28-_jpeg.rf.b03a2b2194ae76b69bcae6fb1c4eec01.jpg, 0, 0, 1, 0, 0, 0, 0
images-39-_jpeg.rf.aef3310ab2d1f17cb081e44da62985d7.jpg, 0, 0, 0, 0, 0, 1, 0
images-47-_jpeg.rf.b3c3dc28088b25c3ee0ff2166799ea85.jpg, 0, 0, 0, 1, 0, 0, 0
26_jpg.rf.b050295c5098c08d4c92d3e59293ac1d.jpg, 0, 1, 0, 0, 0, 0, 0
3_jpg.rf.b1a6c357af1d5934fd4e3df7f83e7413.jpg, 0, 0, 0, 0, 1, 0, 0
images_jpeg.rf.b323fbcda98e7084eee8a27e810a1bdf.jpg, 0, 0, 0, 0, 0, 1, 0
images-21-_jpeg.rf.b31a029a123449801d9d1f45c2baa8df.jpg, 0, 0, 0, 1, 0, 0, 0
images-30-_jpeg.rf.b0fdd0f379b2b78fbe7e6a683598677e.jpg, 0, 0, 1, 0, 0, 0, 0
indir-15-_jpeg.rf.b3359dc6137b31ce1b9dfd136fcbe488.jpg, 0, 1, 0, 0, 0, 0, 0
images-56-_jpeg.rf.b1f6f1ec013b86d11502b46f5f5a5082.jpg, 0, 0, 0, 0, 0, 1, 0
indir-6-_jpeg.rf.b402e33a3eb04cdd69b706d4807064ea.jpg, 0, 0, 0, 0, 1, 0, 0
101_jpg.rf.b697f7773b9fab871a2be4e344320aa3.jpg, 0, 0, 0, 0, 0, 1, 0
indir-11-_jpeg.rf.b7db4a4bdd68a79cc5d7710ec775254b.jpg, 0, 0, 0, 0, 1, 0, 0
images-17-_jpeg.rf.b96f0edc452a6cd5327a7f1bd456b1b8.jpg, 0, 0, 0, 0, 1, 0, 0
images-20-_jpeg.rf.b682f7cd557274759618a2c20028b4a5.jpg, 1, 0, 0, 0, 0, 0, 0
images-26-_jpeg.rf.b91296348983c3e56532dc7a479f9593.jpg, 0, 1, 0, 0, 0, 0, 0
40_jpg.rf.b791fbc0a1f65d2b6a5a661757e5a65e.jpg, 0, 0, 1, 0, 0, 0, 0
19_jpg.rf.b74033fb30b70735c7a7cff524c616f6.jpg, 0, 1, 0, 0, 0, 0, 0
66_jpg.rf.b8de3c71613c4acec038b9862468934d.jpg, 0, 0, 0, 0, 0, 1, 0
63_jpg.rf.b5cebb07b1182eaa230be76cdee2a98f.jpg, 1, 0, 0, 0, 0, 0, 0
images-73-_jpeg.rf.b6b38690b7973f5eb8b0c8a724027f8c.jpg, 0, 0, 0, 0, 1, 0, 0
42_jpg.rf.b94a440f3f7256dd6ebca8ecf3346a74.jpg, 0, 0, 0, 0, 0, 1, 0
44_jpg.rf.b9b07ca6cac0aecc4d6ac71031e9e74b.jpg, 0, 1, 0, 0, 0, 0, 0
20_jpg.rf.b43e5b1a3b66518d2135f66fc167dc7f.jpg, 0, 1, 0, 0, 0, 0, 0
images-50-_jpeg.rf.b63e7c5e8d97ec51fd675a2c4b1ddee1.jpg, 0, 0, 0, 1, 0, 0, 0
indir-10-_jpeg.rf.b55c3b0e35e901a0726d3740effa5908.jpg, 0, 0, 1, 0, 0, 0, 0
images-7-_jpeg.rf.b5639520e3ab5abc6427ab475e0577da.jpg, 0, 0, 0, 1, 0, 0, 0
45_jpg.rf.b7f11abeeefe4ff6dee4539a842092f8.jpg, 0, 0, 1, 0, 0, 0, 0
21_jpg.rf.b66e6150753f34f2b89b592a437f928c.jpg, 0, 0, 0, 0, 0, 1, 0
images-56-_jpeg.rf.ba86b13ebfb2a0d29800a9634be71aee.jpg, 0, 0, 0, 0, 1, 0, 0
38_jpg.rf.b5b5f313217c9ccb959cf14823f6f13c.jpg, 0, 0, 0, 0, 1, 0, 0
images-40-_jpeg.rf.b59cc3d69b8b328a2c303a1e21d77d37.jpg, 0, 0, 1, 0, 0, 0, 0
indir-31-_jpeg.rf.b73636aca4ee91e50445df71c5a00830.jpg, 0, 0, 0, 1, 0, 0, 0
77_jpg.rf.b4b9dba707f41fb4da6b51fc2274983b.jpg, 0, 1, 0, 0, 0, 0, 0
images-41-_jpeg.rf.baf9fe8dad5dbdf716d531ebcbf5e28e.jpg, 0, 0, 1, 0, 0, 0, 0
images-39-_jpeg.rf.bcb0ee4ce2b729426cd6cb0665cbb0b7.jpg, 0, 1, 0, 0, 0, 0, 0
indir-16-_jpeg.rf.bb56d962458c0092a4b9b38846256d2a.jpg, 0, 0, 0, 0, 1, 0, 0
93_jpg.rf.bc76dfa9a5a48b7e71583c9d536b5c59.jpg, 0, 0, 1, 0, 0, 0, 0
indir-23-_jpeg.rf.befccb904f3765460c7f1d42628db7f5.jpg, 0, 0, 0, 1, 0, 0, 0
28_jpg.rf.ba72944c0d110df7f28b7b3c20bb4640.jpg, 1, 0, 0, 0, 0, 0, 0
images-32-_jpeg.rf.bbb1ada7d66fea30354d72b2285df1dd.jpg, 0, 0, 0, 0, 0, 0, 0
indir-7-_jpeg.rf.c171de3ee25be437b3edd3308e826b1a.jpg, 1, 0, 0, 0, 0, 0, 0
images-7-_jpeg.rf.bb370b997a67d7eff5504f3c1e12f0e8.jpg, 0, 0, 1, 0, 0, 0, 0
images-19-_jpeg.rf.bc7a85f4e50e8d136d266e3fffbca554.jpg, 0, 0, 0, 0, 0, 1, 0
images-35-_jpeg.rf.bf82cf60f778c4fcbfc045a2269f99a0.jpg, 0, 0, 0, 0, 0, 1, 0
50_jpg.rf.be98c22827caa5449f8b7933d62e0e03.jpg, 0, 0, 0, 0, 0, 1, 0
images-22-_jpeg.rf.be45363a8ef84102b997e109a905ff23.jpg, 0, 0, 0, 0, 0, 1, 0
106_jpg.rf.bd7536e8c631104ce3df10623a58f633.jpg, 0, 0, 1, 0, 0, 0, 0
images-31-_jpeg.rf.be4098c0a9862f186626a6f133216c61.jpg, 0, 0, 0, 0, 1, 0, 0
10_jpg.rf.bd24f6349e5ca5ae6f52eeb7d98962cd.jpg, 0, 0, 0, 0, 0, 1, 0
98_jpg.rf.c000f29cf46573b9a3204ee1cefb5ea0.jpg, 0, 1, 0, 0, 0, 0, 0
128_jpg.rf.bdc7c6df7c9599d5c928d9c55569cfbf.jpg, 0, 0, 1, 0, 0, 0, 0
110_jpg.rf.be80b30205701cee0b8a86a660669ecf.jpg, 0, 0, 0, 0, 0, 1, 0
36_jpg.rf.bb98a2c25d902e578861f7855321d656.jpg, 0, 1, 0, 0, 0, 0, 0
23_jpg.rf.bfc36b1b016bb856e0005e18b96842ac.jpg, 0, 0, 0, 0, 1, 0, 0
42_jpg.rf.c1603d6d40dd863f35cc2dc976b62c78.jpg, 0, 1, 0, 0, 0, 0, 0
98_jpg.rf.bede381678d77c5e8eab051e1b61185f.jpg, 1, 0, 0, 0, 0, 0, 0
71e05338-fb97-4b14-a591-c2f40bbd1089-65f93fe31ec93_jpg.rf.c1a98abde2220066bbf0b08f3191a325.jpg, 0, 0, 0, 0, 1, 0, 0
25_jpg.rf.c0012bcab619845aeafbb911b5bb0ecc.jpg, 0, 0, 1, 0, 0, 0, 0
125_jpg.rf.c172741faada30a498cf5fdebceda65e.jpg, 0, 0, 0, 0, 0, 1, 0
images-14-_jpeg.rf.c153f7fe95eb912b97a8c3fb24dab1bf.jpg, 0, 0, 0, 0, 1, 0, 0
45_jpg.rf.c258bb06045ab399d689d4c80eb5e5c7.jpg, 0, 0, 0, 0, 1, 0, 0
16_jpg.rf.c2bc5620e3998532dbfa1316af8d4cef.jpg, 0, 0, 0, 0, 0, 1, 0
53_jpg.rf.c37906172adbd2a362341b50a2afd6d0.jpg, 0, 0, 0, 0, 1, 0, 0
images-51-_jpeg.rf.c42895a8a5481130b2a3b4f9179c904a.jpg, 0, 0, 0, 0, 1, 0, 0
91_jpg.rf.c2e7543d2af8d99ad2550066b593fcd6.jpg, 0, 0, 0, 0, 1, 0, 0
72_jpg.rf.c19cb9afca8a68e8fb2c72079c8849eb.jpg, 0, 0, 0, 0, 1, 0, 0
54_jpg.rf.c7d38f105f6adf89d29e4a6b8d182408.jpg, 1, 0, 0, 0, 0, 0, 0
113_jpg.rf.c4fd2d463347c84b096619f8a6570281.jpg, 0, 1, 0, 0, 0, 0, 0
8_jpg.rf.c77f7e701f71e273ab02d3d7ca230394.jpg, 0, 0, 0, 0, 1, 0, 0
indir-23-_jpeg.rf.c6cc1e66649308eee5a5c2790ac83b74.jpg, 0, 1, 0, 0, 0, 0, 0
images-6-_jpeg.rf.c6dc44a107bfc91dd9c279d74c30de82.jpg, 0, 0, 0, 0, 0, 1, 0
108_jpg.rf.c2f0d1f435a876064373b8effc1120f7.jpg, 0, 0, 1, 0, 0, 0, 0
38_jpg.rf.c7331ae2bcc928d94d2059cb98cd5acd.jpg, 1, 0, 0, 0, 0, 0, 0
images-35-_jpeg.rf.c765a769cd095fea17d6b17917d8c975.jpg, 1, 0, 0, 0, 0, 0, 0
indir-32-_jpeg.rf.c1e917cc06670b7eb4f7244349ae46b2.jpg, 0, 0, 0, 0, 1, 0, 0
35_jpg.rf.c6a0e162cfa0010558371434cb4fc53a.jpg, 0, 1, 0, 0, 0, 0, 0
images-11-_jpeg.rf.c47abaadd3654830a051aa5f7a1b9d7c.jpg, 0, 0, 1, 0, 0, 0, 0
17_jpg.rf.c611d2470ddc8443afd589c67cc2ffd5.jpg, 0, 1, 0, 0, 0, 0, 0
113_jpg.rf.c5dda009e8025f628311e3502378d707.jpg, 0, 0, 0, 0, 0, 1, 0
61_jpg.rf.c72b14fe0f9764f3fb977d653b2339bd.jpg, 0, 1, 0, 0, 0, 0, 0
images-2-_jpeg.rf.c33cf538f314d760a23e8f2d6ed98524.jpg, 0, 0, 0, 1, 0, 0, 0
images-47-_jpeg.rf.c31e7109cbcd23987605bebff313d486.jpg, 1, 0, 0, 0, 0, 0, 0
images-18-_jpeg.rf.c3296c23de7da00d93d7a03002ce83a0.jpg, 0, 1, 0, 0, 0, 0, 0
77_jpg.rf.c5618e14be02c2718cf8e132b17b0dcc.jpg, 1, 0, 0, 0, 0, 0, 0
89_jpg.rf.c5ba69ebdb88f452a7a3c38aacbd0850.jpg, 0, 1, 0, 0, 0, 0, 0
39_jpg.rf.c855ca4a01e722ec51c1bfdb4f749b35.jpg, 0, 1, 0, 0, 0, 0, 0
images-54-_jpeg.rf.c7d4582afa8359cbe13ddd15c94bac91.jpg, 0, 0, 0, 0, 1, 0, 0
62_jpg.rf.c8238da425ef8b7e51b1f0f1eb9c20ed.jpg, 1, 0, 0, 0, 0, 0, 0
images-53-_jpeg.rf.c813f361116f7ae102524d104a6a66ec.jpg, 1, 0, 0, 0, 0, 0, 0
114_jpg.rf.c8315c8ea76fd637c097fb5e52878c57.jpg, 0, 0, 0, 0, 0, 1, 0
images-10-_jpeg.rf.c8719ddb3829962721e6adf1fb5ce2c6.jpg, 0, 0, 0, 1, 0, 0, 0
25_jpg.rf.c8d7598bada153129dddadce32f2483c.jpg, 1, 0, 0, 0, 0, 0, 0
103_jpg.rf.c94837cabb17508763673d6da69f9efa.jpg, 0, 1, 0, 0, 0, 0, 0
images-38-_jpeg.rf.c8b8de64be2a77f4ad652a7a74b283ff.jpg, 0, 0, 1, 0, 0, 0, 0
21_jpg.rf.c9802e6bc8dc9d11b756eb2c51fa8c12.jpg, 0, 0, 0, 0, 1, 0, 0
94_jpg.rf.c89ca2b92917f67d1ca1afac8796967d.jpg, 0, 1, 0, 0, 0, 0, 0
f-4-_jpeg.rf.c9796ebc5cd50f8c03d399dd95d26e6a.jpg, 0, 0, 1, 0, 0, 0, 0
104_jpg.rf.c9b1adedb42ede6b7e42bac1b3b2ac29.jpg, 0, 0, 1, 0, 0, 0, 0
61_jpg.rf.c848d46f8445690536586edffe11abe8.jpg, 0, 0, 1, 0, 0, 0, 0
images-42-_jpeg.rf.cc0d7aa38b7bcdef454e9285e0ece53f.jpg, 0, 1, 0, 0, 0, 0, 0
1_jpg.rf.cd2885f170defdc17955c419a1f0da2c.jpg, 0, 0, 1, 0, 0, 0, 0
images-63-_jpeg.rf.cb76d3bd36e0eedf8f4964b414036342.jpg, 0, 0, 0, 0, 1, 0, 0
images-10-_jpeg.rf.c9b0391b7a145261322f22573ddadf6b.jpg, 1, 0, 0, 0, 0, 0, 0
13_jpg.rf.ccdca42547aed3dd8a21c947cc0eceb9.jpg, 0, 0, 1, 0, 0, 0, 0
28_jpg.rf.cc494669143b64649a900252523a937a.jpg, 0, 0, 0, 0, 0, 1, 0
indir-1-_jpeg.rf.cbf8805a6021b1322608e57cb8f3eea9.jpg, 0, 0, 0, 0, 1, 0, 0
images-27-_jpeg.rf.c9222a51f13d73ba071218e2a8d02988.jpg, 1, 0, 0, 0, 0, 0, 0
89_jpg.rf.c9fb2f06deca529abe28056c0e103f3f.jpg, 1, 0, 0, 0, 0, 0, 0
images-20-_jpeg.rf.ca50e84cfe77bd48f2bc5e0628ee8d1b.jpg, 0, 1, 0, 0, 0, 0, 0
56_jpg.rf.cba5e9f8445bd3bcdddd2c4de89794af.jpg, 0, 1, 0, 0, 0, 0, 0
85_jpg.rf.cd6551f0112e1db99a8a1c6624adc40a.jpg, 0, 1, 0, 0, 0, 0, 0
75_jpg.rf.cc9b91238329fb2822cb97be1db9c71e.jpg, 1, 0, 0, 0, 0, 0, 0
indir-1-_jpeg.rf.cc78854efebe0e9ddd690cbe6f6d0893.jpg, 1, 0, 0, 0, 0, 0, 0
51_jpg.rf.cdc93ced34063b1dafa6d4c7a8459fae.jpg, 1, 0, 0, 0, 0, 0, 0
images-14-_jpeg.rf.cd63c8c5e10d974b598e079bbb964fc8.jpg, 1, 0, 0, 0, 0, 0, 0
2_jpg.rf.ccb5e50779704817a9d4332188edc9d1.jpg, 1, 0, 0, 0, 0, 0, 0
76_jpg.rf.cddbc9f0c56ff577d22f6faa96bce228.jpg, 0, 0, 1, 0, 0, 0, 0
71_jpg.rf.cd52cc07ceff0e2c11563941f8777e1d.jpg, 0, 0, 0, 0, 1, 0, 0
images-20-_jpeg.rf.cea6b908fca74674be0566f0d6147b17.jpg, 0, 0, 0, 1, 0, 0, 0
1_jpg.rf.cd5683f2f296590fd3a2bb620896429e.jpg, 0, 0, 0, 0, 1, 0, 0
images-39-_jpeg.rf.cc8643aaed9e54938e46edde83f082bb.jpg, 0, 0, 0, 0, 1, 0, 0
48_jpg.rf.ce2fd9638d19d526d468b5136403d964.jpg, 0, 0, 0, 0, 0, 1, 0
127_jpg.rf.cefff40416bb48b05497ce5d6ab73ba1.jpg, 0, 0, 0, 0, 0, 1, 0
images-47-_jpeg.rf.ccce5368f41177e0bc001295094fea73.jpg, 0, 0, 0, 0, 1, 0, 0
images-51-_jpeg.rf.d0254678694b48b199626c8b188bdfd6.jpg, 0, 1, 0, 0, 0, 0, 0
images-34-_jpeg.rf.cdcb5b87322db69c4317d3c6562789fe.jpg, 1, 0, 0, 0, 0, 0, 0
images-1-_jpeg.rf.ce1ff2ac8a43fd710ef412e558a7a5be.jpg, 0, 0, 1, 0, 0, 0, 0
images-57-_jpeg.rf.cf6055dc82de416ab0fd36672c32ed46.jpg, 1, 0, 0, 0, 0, 0, 0
56_jpg.rf.cc9076c85398c6b23dfe16aceb6af5ae.jpg, 0, 0, 1, 0, 0, 0, 0
7_jpg.rf.d0be64a55fa4cc2d7c402349f1bd731e.jpg, 0, 0, 1, 0, 0, 0, 0
112_jpg.rf.cf2a62886668eaf676fa5b0f23f8159c.jpg, 1, 0, 0, 0, 0, 0, 0
18_jpg.rf.d1428981168f8dccceef6f9bd635b18f.jpg, 0, 0, 1, 0, 0, 0, 0
images-29-_jpeg.rf.cfb8660ede55272633c1261f8755b05e.jpg, 0, 1, 0, 0, 0, 0, 0
images-27-_jpeg.rf.d195c60fa14233b569d17f92f0d1000e.jpg, 0, 0, 1, 0, 0, 0, 0
images-28-_jpeg.rf.cfcd112659e9128fb716280af534e7d0.jpg, 0, 0, 1, 0, 0, 0, 0
images-9-_jpeg.rf.ce6e85fc245d483b602415441b46e576.jpg, 0, 1, 0, 0, 0, 0, 0
35_jpg.rf.d1dafde20852fbed8e90498056657556.jpg, 1, 0, 0, 0, 0, 0, 0
images-1-_jpeg.rf.d1e91b9a9c4f226454648bf6e595ecdb.jpg, 0, 0, 1, 0, 0, 0, 0
27_jpg.rf.cf208119d9fd29d5655216062a25eeb6.jpg, 0, 0, 0, 0, 0, 1, 0
11_jpg.rf.d1b7b77babd5cec3401528be4f3ce23e.jpg, 0, 0, 0, 0, 1, 0, 0
53_jpg.rf.ce32d67d4a6321d07c9cd501cbafc467.jpg, 0, 0, 1, 0, 0, 0, 0
44_jpg.rf.cf80f98db88f34bade6552d6be51c13f.jpg, 0, 0, 0, 0, 0, 1, 0
98_jpg.rf.d2ddab5ad6193b4cf3d29c364553077a.jpg, 0, 0, 1, 0, 0, 0, 0
indir-7-_jpeg.rf.d2466b5df57d443f96b8265862bf73c2.jpg, 0, 0, 1, 0, 0, 0, 0
images-38-_jpeg.rf.d2231685fd9a2b672752094cb16b968f.jpg, 0, 0, 0, 0, 0, 1, 0
31_jpg.rf.d5380aa09e938221fdf1912e9ada95a6.jpg, 0, 0, 0, 0, 1, 0, 0
images-40-_jpeg.rf.d2a604f20c6dd52f2439defeec515071.jpg, 0, 0, 0, 0, 1, 0, 0
74_jpg.rf.d481691e23a71be6543581b987a7c828.jpg, 0, 0, 1, 0, 0, 0, 0
images-17-_jpeg.rf.d499b240b3de774f542795eefacdbef4.jpg, 0, 1, 0, 0, 0, 0, 0
17_jpg.rf.d3ed291317ceff7e3eb526e4676198be.jpg, 1, 0, 0, 0, 0, 0, 0
images-31-_jpeg.rf.d40544ccc676d3dc897151ec689dd0c9.jpg, 0, 0, 0, 1, 0, 0, 0
images-56-_jpeg.rf.d7879a4633e940e4441179adf576bdca.jpg, 0, 1, 0, 0, 0, 0, 0
62_jpg.rf.d698036a6194af17aa2a9bad7d46a6d4.jpg, 0, 0, 0, 0, 1, 0, 0
images-11-_jpeg.rf.d54af078f07d0c8f77f4f2f4ac96ec6b.jpg, 0, 0, 0, 0, 1, 0, 0
images-38-_jpeg.rf.d5c52e547386c3b9ef809ddb8c4302c2.jpg, 0, 1, 0, 0, 0, 0, 0
images-63-_jpeg.rf.d7563d5c0d25d0b8076ecec902416db4.jpg, 1, 0, 0, 0, 0, 0, 0
images-16-_jpeg.rf.d6d53ab11924ba79e0e400931ff5c057.jpg, 0, 0, 0, 1, 0, 0, 0
indir-7-_jpeg.rf.d5bc269ae13ee0ee057fe3967b5c7996.jpg, 0, 0, 1, 0, 0, 0, 0
images-24-_jpeg.rf.d48106805100c010938a90ed4941dbce.jpg, 0, 1, 0, 0, 0, 0, 0
images-24-_jpeg.rf.d7e4f21422938e952d23ad73c6b789e0.jpg, 0, 0, 0, 0, 0, 1, 0
15_jpg.rf.d7c0f1375d5192dee26dcee84a61d1b1.jpg, 0, 0, 0, 0, 1, 0, 0
indir-22-_jpeg.rf.d63ddd15c8e0dd13f0e07ccab89d826b.jpg, 0, 0, 1, 0, 0, 0, 0
111_jpg.rf.d8e882e7b96534f814a66cfbb3d92677.jpg, 1, 0, 0, 0, 0, 0, 0
indir-6-_jpeg.rf.d82dde7ca1f6b3469043c704411025b1.jpg, 0, 0, 0, 0, 0, 1, 0
images-16-_jpeg.rf.d889a8204573de8ff9a35eec3b467a43.jpg, 1, 0, 0, 0, 0, 0, 0
images-2-_jpeg.rf.d91af62f8808c2def5fe8f385059ac2d.jpg, 0, 0, 0, 0, 1, 0, 0
images-30-_jpeg.rf.d2117628ff5f59592677679093a460b5.jpg, 0, 0, 0, 1, 1, 1, 0
107_jpg.rf.dba0ce63df5e02ba094adb81d854125f.jpg, 1, 0, 0, 0, 0, 0, 0
images-33-_jpeg.rf.da71cfc766f3ceaa6ad8ffaf46a8fa88.jpg, 0, 0, 0, 1, 0, 0, 0
23_jpg.rf.dafb65ac1d1f2dea680aa3c30bfe5719.jpg, 1, 0, 0, 0, 0, 0, 0
8_jpg.rf.d7cda0d5d719386f7dc6dd6d3615b471.jpg, 1, 0, 0, 0, 0, 0, 0
images-64-_jpeg.rf.d8ff1a77d85bad4ceca628ec7f7563de.jpg, 0, 0, 0, 0, 1, 0, 0
52_jpg.rf.d646b7d3c2a3ccc3e4c2446a7f4930f8.jpg, 0, 1, 0, 0, 0, 0, 0
indir-10-_jpeg.rf.db2a69c974dcb4b8f623670d735614e3.jpg, 1, 0, 0, 0, 0, 0, 0
43_jpg.rf.daca8579136afad4e4d26e45e51c1769.jpg, 0, 1, 0, 0, 0, 0, 0
59_jpg.rf.da6b2e87d5875220a09f8d143a4c3738.jpg, 1, 0, 0, 0, 0, 0, 0
indir-15-_jpeg.rf.d335a6e8a6cf027439a0dc39f367f4a9.jpg, 0, 0, 1, 0, 0, 0, 0
indir-4-_jpeg.rf.dbd84869f758205cdf2f49e47234e845.jpg, 0, 0, 1, 0, 0, 0, 0
images-27-_jpeg.rf.dbfea15395fef9f6d00904f00846d765.jpg, 0, 0, 0, 0, 1, 0, 0
27_jpg.rf.db5d8bfbd02818b66374701a5b28f2f3.jpg, 0, 1, 0, 0, 0, 0, 0
images-61-_jpeg.rf.d784ca749ecc59ef9cc36da7cf44f08c.jpg, 0, 0, 0, 0, 1, 0, 0
21_jpg.rf.dc2273423f49778cc36d6fd39a5ba24f.jpg, 0, 0, 1, 0, 0, 0, 0
images-42-_jpeg.rf.dcb1b3bf729228d527e0974c0ce853d6.jpg, 0, 0, 0, 0, 1, 0, 0
images-55-_jpeg.rf.dc89030246f5c2a9de11593c3b2549c6.jpg, 0, 0, 0, 0, 0, 1, 0
78_jpg.rf.dd3a11b4f6f7184ccad5305a5c770015.jpg, 0, 0, 0, 0, 1, 0, 0
images-27-_jpeg.rf.dd3aa4c2c1533a12c7a4022152a99c85.jpg, 0, 0, 0, 1, 0, 0, 0
images-54-_jpeg.rf.dd36e51da0561052e2eee39dfdf9ae38.jpg, 0, 1, 0, 0, 0, 0, 0
indir-16-_jpeg.rf.dd98497d62c643fde9d4200372d115fd.jpg, 0, 0, 1, 0, 0, 0, 0
indir-26-_jpeg.rf.dfa72081a2144fed6d54e73583771863.jpg, 0, 1, 0, 0, 0, 0, 0
115_jpg.rf.dd432553f0c4148c398082a20c644538.jpg, 1, 0, 0, 0, 0, 0, 0
indir-1-_jpeg.rf.deccb8d7e2159d8a5d3db948938be017.jpg, 1, 0, 1, 1, 0, 1, 0
indir-15-_jpeg.rf.e04dac91a679ae02a5eb48e6b3a795d0.jpg, 0, 0, 0, 0, 1, 0, 0
24_jpg.rf.e129975fc8ab5249d05f272bafe1696b.jpg, 0, 1, 0, 0, 0, 0, 0
12_jpg.rf.e31f4ae02df2c33d10d14c0aff83ece7.jpg, 0, 0, 1, 0, 0, 0, 0
13_jpg.rf.e23888b5c0465ecc548d31fe8569fab3.jpg, 1, 0, 0, 0, 0, 0, 0
images-23-_jpeg.rf.e4f078dd7939e6eb36d95ac5baa20502.jpg, 0, 0, 0, 0, 0, 1, 0
indir-4-_jpeg.rf.e06124bbc9a274c575660f72bc9f46a0.jpg, 0, 0, 0, 1, 0, 0, 0
33_jpg.rf.e38f3d08cbc6ec14a3741f23cdbacf5d.jpg, 0, 0, 0, 0, 1, 0, 0
76_jpg.rf.e57ea2157ad29e78faabe65f3915cd4b.jpg, 0, 0, 0, 0, 1, 0, 0
indir-11-_jpeg.rf.e46efc52457a52002ef939f74c96ea0e.jpg, 0, 0, 1, 0, 0, 0, 0
indir-35-_jpeg.rf.e1fe4b6a0ccdbe0487013224fe55e3b5.jpg, 0, 0, 0, 1, 0, 0, 0
32_jpg.rf.e5d97fe6b24f9242296e5bd279214dcc.jpg, 0, 1, 0, 0, 0, 0, 0
images-49-_jpeg.rf.e3db935eed778b5a8dbe9e79a454240d.jpg, 0, 0, 0, 0, 0, 1, 0
111_jpg.rf.e33a6bc3c9e74d537eb0c181128f3cf3.jpg, 0, 0, 0, 0, 0, 1, 0
indir-14-_jpeg.rf.dc80761b2f1ba8f7a0a56dc9598fa924.jpg, 0, 0, 0, 0, 0, 1, 0
44_jpg.rf.e3b27820f8aff1612087d30bc47d1021.jpg, 1, 0, 0, 0, 0, 0, 0
15_jpg.rf.e1b3811a441ea0baf93585ca1d3b4b0f.jpg, 1, 0, 0, 0, 0, 0, 0
89_jpg.rf.e346056c635bd8910176613190072323.jpg, 0, 0, 1, 0, 0, 0, 0
images-35-_jpeg.rf.e65141a9bd5d6a31e4483d57eb0be682.jpg, 0, 1, 0, 0, 0, 0, 0
indir-3-_jpeg.rf.e3b9fec428942504172a966b7c17656d.jpg, 0, 0, 0, 0, 1, 0, 0
indir-10-_jpeg.rf.e7270768566e6d06d1a4a71cbde1530e.jpg, 1, 0, 0, 0, 0, 0, 0
96_jpg.rf.e5b2aa12b27c47780939516c38ed47e7.jpg, 0, 0, 1, 0, 0, 0, 0
69_jpg.rf.e76e0e4f7975b9c228f15e25b686fc21.jpg, 0, 0, 0, 0, 1, 0, 0
images-46-_jpeg.rf.e78b386e9cdcd46e3b42e4f3186f9568.jpg, 0, 0, 0, 1, 0, 0, 0
33_jpg.rf.e6e4c541c69d4d7ee0cb1d53d51682fd.jpg, 0, 1, 0, 0, 0, 0, 0
images-12-_jpeg.rf.e43471a279c7ae0d94c7f37c4f723fa8.jpg, 1, 0, 0, 0, 0, 0, 0
images-6-_jpeg.rf.e80c70fc9cb0395a932655c3d841a9bb.jpg, 1, 0, 0, 0, 0, 0, 0
indir-5-_jpeg.rf.ec01919c157a6ba8463ac57dbb87d667.jpg, 0, 0, 0, 0, 0, 1, 0
16_jpg.rf.e7dd69a4299cb924cb66ec29e64ed871.jpg, 1, 0, 0, 0, 0, 0, 0
48_jpg.rf.e63e560541a8658d47dfe51426344940.jpg, 0, 0, 1, 0, 0, 0, 0
90_jpg.rf.e8b8fc07ac9662698165ff22449a9477.jpg, 1, 0, 0, 0, 0, 0, 0
60_jpg.rf.e8ac211cdbe36b03fe6cb1e5a7b6634b.jpg, 0, 0, 1, 0, 0, 0, 0
39_jpg.rf.ea088706c7fa425edfdfbb7393246c9c.jpg, 0, 0, 1, 0, 0, 0, 0
18_jpg.rf.ebfffa9428eb524aa1acdc038d2269d1.jpg, 0, 0, 0, 0, 0, 1, 0
indir-18-_jpeg.rf.ed6f54947ced5fb5be58626bfaf0ee08.jpg, 0, 0, 0, 1, 0, 0, 0
75_jpg.rf.ece955fb3a21fd406147aa4acd49679f.jpg, 0, 0, 1, 0, 0, 0, 0
images-19-_jpeg.rf.eda771ea571a7fc3d465e843c704dbde.jpg, 0, 0, 0, 0, 1, 0, 0
images-41-_jpeg.rf.ee12dee40646efd4042a6857c2fb861e.jpg, 0, 1, 0, 0, 0, 0, 0
47_jpg.rf.edfa239dd0fca0a8c318a866560e8cdb.jpg, 0, 0, 0, 0, 0, 1, 0
31_jpg.rf.edd409f822aeabd6a9b1dfd9720e2c95.jpg, 0, 0, 1, 0, 0, 0, 0
107_jpg.rf.ee392f6e2faf29058c162b6fd74d2834.jpg, 0, 0, 1, 0, 0, 0, 0
images-42-_jpeg.rf.ec0420986522865210a43487e295c4b5.jpg, 0, 0, 0, 1, 0, 0, 0
images-49-_jpeg.rf.e636cddae27216c31d96de8c4608ed2d.jpg, 0, 0, 0, 1, 0, 0, 0
58_jpg.rf.ec67ebe49698f6d1e0e822e046a7878e.jpg, 0, 0, 1, 0, 0, 0, 0
93_jpg.rf.ea43e1a9f087260c5e81cfc59969e562.jpg, 0, 1, 0, 0, 0, 0, 0
images-15-_jpeg.rf.eea399a4b859208be5cc9d99e0e51b70.jpg, 0, 0, 0, 1, 0, 0, 0
131_jpg.rf.f0fc2cdb3d6aee6ebc4cbf7fc45fe421.jpg, 0, 0, 1, 0, 0, 0, 0
images-29-_jpeg.rf.ec35a2e26e85a620b53fcf4e8d69ff33.jpg, 0, 0, 0, 0, 1, 0, 0
images-63-_jpeg.rf.ee92724f77bc5f9aeb39bd64c297ef43.jpg, 0, 0, 0, 0, 0, 1, 0
44_jpg.rf.f036a4a79382cfb6f1c0ed467a2c7644.jpg, 0, 0, 1, 0, 0, 0, 0
images-15-_jpeg.rf.ed9526a88eb430a73145fe16a746b44a.jpg, 0, 1, 0, 0, 0, 0, 0
images-9-_jpeg.rf.f145233602ce3b5a39102058dd2a68e1.jpg, 0, 0, 0, 0, 1, 0, 0
28_jpg.rf.f158e5b16fe8b796ceca3823f7909ce9.jpg, 0, 1, 0, 0, 0, 0, 0
44_jpg.rf.effdc5c06c7637eecb001caa70110a60.jpg, 0, 0, 0, 0, 1, 0, 0
indir-10-_jpeg.rf.eda417e1693b044fd08a2ee558f6673f.jpg, 0, 1, 0, 0, 0, 0, 0
indir-4-_jpeg.rf.f1e75eebe844fe62b21b6961ca89518e.jpg, 1, 0, 0, 0, 0, 0, 0
indir-1-_jpeg.rf.f1f784ddca34a46bd3ac865bf0ec5837.jpg, 0, 0, 1, 0, 0, 0, 0
130_jpg.rf.ef29bbf26aa8648ee9da819091b2d93b.jpg, 0, 0, 1, 0, 0, 0, 0
images-59-_jpeg.rf.f2f5ae13394abc915178dc3a4019717d.jpg, 0, 0, 0, 0, 0, 1, 0
images-4-_jpeg.rf.f264629cb99c74fa738b8377c7daee3d.jpg, 1, 0, 0, 0, 0, 0, 0
97_jpg.rf.f32f031789332b67ac2d82e95c85897d.jpg, 0, 1, 0, 0, 0, 0, 0
images-29-_jpeg.rf.f3e611c0f5db532237ca1c3de90324fa.jpg, 1, 0, 0, 0, 0, 0, 0
69_jpg.rf.f260094ea3d615b2d148e4cea7888fad.jpg, 1, 0, 0, 0, 0, 0, 0
images-19-_jpeg.rf.f04747b664c7a0256d4e59f8549b38f6.jpg, 0, 0, 1, 0, 0, 0, 0
indir-9-_jpeg.rf.f35a57669d797b96607ec4e338f5ed41.jpg, 0, 0, 1, 0, 0, 0, 0
11_jpg.rf.f30f67fc7472c599880a0de110043ab8.jpg, 0, 0, 1, 0, 0, 0, 0
indir-25-_jpeg.rf.f31c42f249b6b94ba2030b2c5679e0ca.jpg, 0, 1, 0, 0, 0, 0, 0
images-55-_jpeg.rf.f21e1cf5863d7f422ad9fd12a5d1c962.jpg, 0, 1, 0, 0, 0, 0, 0
120_jpg.rf.f2751ae486b7d303fbc334de202a6cb9.jpg, 0, 1, 0, 0, 0, 0, 0
67_jpg.rf.2a05dc49707fe2b5f694feb02cb45ca3.jpg, 1, 0, 0, 0, 0, 0, 0
37_jpg.rf.2a446cc94c79e5040a668eb9cdd91a81.jpg, 1, 0, 0, 0, 0, 0, 0
10_jpg.rf.2a6e2a66cc0dd0b39024b7356b5c8570.jpg, 0, 1, 0, 0, 0, 0, 0
101_jpg.rf.2a604bc376b1bb91c1393ab0acfef3a2.jpg, 0, 0, 1, 0, 0, 0, 0
images-33-_jpeg.rf.2bfd36aa26a89391c8b8003d4047322c.jpg, 0, 0, 1, 0, 0, 0, 0
images-45-_jpeg.rf.2afb5461f0e3631ec3b946753cc00770.jpg, 0, 1, 0, 0, 0, 0, 0
images-23-_jpeg.rf.2e8d53bed22e499faa9d598de1580b3f.jpg, 0, 0, 0, 0, 1, 0, 0
images-4-_jpeg.rf.2b5e87fb434d9f6cc0bef99ef613de74.jpg, 0, 1, 0, 0, 0, 0, 0
119_jpg.rf.299c8750bb14cd8e38c333546d61bd17.jpg, 0, 0, 0, 0, 0, 1, 0
39_jpg.rf.2be3db022a803aff5519257a142b1fd4.jpg, 0, 0, 0, 0, 0, 1, 0
indir-2-_jpeg.rf.2ada735705a4a92d45f31594a2c0b1b9.jpg, 0, 0, 0, 1, 0, 0, 0
indir-17-_jpeg.rf.29ece13300eda1d19763cc70c72f73c4.jpg, 0, 1, 0, 0, 0, 0, 0
images-75-_jpeg.rf.30021d4af98d20996505fd090e191da0.jpg, 0, 0, 0, 0, 1, 0, 0
12_jpg.rf.2eef34e10669ca542563fd8d120d0a7b.jpg, 1, 0, 0, 0, 0, 0, 0
64_jpg.rf.2f30843578d6c1b3d92ee5b341f090c1.jpg, 0, 0, 0, 0, 1, 0, 0
3_jpg.rf.296885e0cb40904b5035f34bb072b08f.jpg, 0, 0, 0, 0, 0, 1, 0
images-33-_jpeg.rf.2cfb2e9dbc023beda2aad5680a7db1e1.jpg, 0, 0, 0, 0, 0, 1, 0
indir-4-_jpeg.rf.2f10e20935a8e6aa80b5e00a2038a335.jpg, 1, 0, 0, 0, 0, 0, 0
images-32-_jpeg.rf.3100870754555a506c853909502e8d8f.jpg, 0, 0, 1, 0, 0, 0, 0
images-22-_jpeg.rf.2dd9f12206ffa62794c5a9059662a5b5.jpg, 0, 0, 0, 0, 1, 0, 0
images-10-_jpeg.rf.2f76ddaef9a1a77f0a9aa8b0135a16ce.jpg, 0, 0, 0, 0, 0, 1, 0
indir-6-_jpeg.rf.2e0e7291f9e59d68e0c95ffbc6971660.jpg, 0, 0, 1, 0, 0, 0, 0
images-12-_jpeg.rf.3042f87af4a2f9c582c28a90913b38e3.jpg, 0, 1, 0, 0, 0, 0, 0
52_jpg.rf.309a76ca38d3557deea77d5d89d15696.jpg, 1, 0, 0, 0, 0, 0, 0
106_jpg.rf.2de407fe8883c70eb294fb3e5b93ac6e.jpg, 0, 1, 0, 0, 0, 0, 0
14_jpg.rf.3103a44141da44770a7adf9966d0f0b8.jpg, 0, 1, 0, 0, 0, 0, 0
22_jpg.rf.3261d485a6ab9ca287926aad9524599b.jpg, 0, 0, 1, 0, 0, 0, 0
indir-36-_jpeg.rf.32b5bc2d5e889647b6a58d510bb93a4d.jpg, 0, 0, 0, 1, 0, 0, 0
124_jpg.rf.32fcd14055dd558fc8687f3f218759a0.jpg, 0, 0, 1, 0, 0, 0, 0
indir-20-_jpeg.rf.3206d3946eb53a0f9c3faa37253a190b.jpg, 0, 1, 0, 0, 0, 0, 0
14_jpg.rf.32d2fd77f2d0fab84f3f9ee164d8cadc.jpg, 1, 0, 0, 0, 0, 0, 0
69_jpg.rf.329569a41f58f2e0b6e147ff266247da.jpg, 0, 0, 0, 0, 0, 1, 0
images-58-_jpeg.rf.3310428ef90cf327f9f58437367d62ba.jpg, 1, 0, 0, 0, 0, 0, 0
indir-12-_jpeg.rf.35517927064963deee71b2d1c2d0cefa.jpg, 1, 0, 0, 0, 0, 0, 0
images-32-_jpeg.rf.32afcd5ddc99b0c89f9adc7988817201.jpg, 1, 0, 0, 0, 0, 0, 0
123_jpg.rf.32d27b78a1f35e8579202a2cc3f0e075.jpg, 0, 1, 0, 0, 0, 0, 0
60_jpg.rf.330876147a7eda9520a7ef8b566d89a0.jpg, 0, 1, 0, 0, 0, 0, 0
64_jpg.rf.3311eb52ec6a0c6e256464c8d5a305c3.jpg, 1, 0, 0, 0, 0, 0, 0
images-18-_jpeg.rf.33a7b85acee1bb99194cbfae94638add.jpg, 0, 0, 0, 1, 0, 0, 0
68_jpg.rf.33688b4519c1764a0e9fcd67964ecc65.jpg, 1, 0, 0, 0, 0, 0, 0
30_jpg.rf.3579939f75ba24ff64fb4c99c3d47c1d.jpg, 0, 1, 0, 0, 0, 0, 0
15_jpg.rf.3215603e61cf399e0f6b914560f7917b.jpg, 0, 0, 1, 0, 0, 0, 0
indir-24-_jpeg.rf.33cfe0448a35d33e9b7f3b7d71b5a11e.jpg, 0, 1, 0, 0, 0, 0, 0
34_jpg.rf.34d27b046652a50eadc999388deefb35.jpg, 1, 0, 0, 0, 0, 0, 0
images_jpeg.rf.35e4ea4a8be05c35ecec3e08bf7f7468.jpg, 0, 0, 0, 1, 0, 0, 0
images-23-_jpeg.rf.333a812b02af8c333444edcf3159116f.jpg, 0, 0, 1, 0, 0, 0, 0
images-33-_jpeg.rf.35da4b132f59e34e0169ef668320a3e0.jpg, 0, 1, 0, 0, 0, 0, 0
93_jpg.rf.334ba3f253a0a47edbbd7b8413fa8bb2.jpg, 0, 0, 0, 0, 1, 0, 0
indir-8-_jpeg.rf.36970dc41f63f331f4fc6506fa2be2c9.jpg, 0, 0, 0, 0, 1, 0, 0
94_jpg.rf.32a2a1b0e30fa53f2dbe21fe56192010.jpg, 0, 0, 1, 0, 0, 0, 0
indir-5-_jpeg.rf.365d6fda94a9c804a9762495c043df20.jpg, 0, 0, 0, 0, 1, 0, 0
indir-12-_jpeg.rf.35bba08b167e00e20091e3d9537a9125.jpg, 0, 0, 0, 0, 0, 1, 0
indir-2-_jpeg.rf.360af9e27e0f09b1f013562111f631b7.jpg, 0, 1, 0, 0, 0, 0, 0
images-34-_jpeg.rf.37401ac3e9426a680430d9856e587b0f.jpg, 0, 0, 0, 0, 1, 0, 0
103_jpg.rf.3699de0f0e60e3ea65ff0f348fb9dd19.jpg, 1, 0, 0, 0, 0, 0, 0
images-21-_jpeg.rf.3821d12bbd02d731854d4ba50b45cf52.jpg, 0, 0, 1, 0, 0, 0, 0
13_jpg.rf.39260c9f83df3e4b56e51f1edd42f4af.jpg, 0, 0, 0, 0, 0, 1, 0
images-37-_jpeg.rf.3a8f7e5458da2aa30c330645acf852d0.jpg, 0, 0, 0, 0, 0, 1, 0
14_jpg.rf.396efd230a6b0520eee66f6d785f3c99.jpg, 0, 0, 0, 0, 1, 0, 0
26_jpg.rf.38c59559d9aa93434fdeca6a54106c7b.jpg, 1, 0, 0, 0, 0, 0, 0
80_jpg.rf.37f2c96dc62668ca4f3c79cd4842f200.jpg, 0, 1, 0, 0, 0, 0, 0
27_jpg.rf.3998aedca9cf243c9660e34eb51988f3.jpg, 0, 0, 0, 0, 1, 0, 0
images-41-_jpeg.rf.3adc833862d16d7a596d0546ec6d11cc.jpg, 0, 0, 0, 0, 1, 0, 0
images-59-_jpeg.rf.39f57473599ec864f90eda0b487f3353.jpg, 0, 0, 0, 0, 1, 0, 0
images-29-_jpeg.rf.3967d3aea6c16303e7f6be8322019c9a.jpg, 0, 0, 0, 0, 0, 1, 0
10_jpg.rf.38d667f8949a545eb16216884027dbbc.jpg, 0, 0, 0, 0, 1, 0, 0
16_jpg.rf.3b36f0ace8faa577f27fdee04a286b16.jpg, 0, 0, 0, 0, 1, 0, 0
72_jpg.rf.3cc25a15a434fd71163d743e3a396faa.jpg, 0, 0, 1, 0, 0, 0, 0
73_jpg.rf.385dc56d7d15b51a1c450c3631b7dd2f.jpg, 0, 0, 1, 0, 0, 0, 0
58_jpg.rf.3d22ae69051b7e233e7bc34e0ccee71d.jpg, 0, 0, 0, 0, 0, 1, 0
indir_jpeg.rf.3b25f0526875ffec33a7d19ee0907eba.jpg, 0, 0, 0, 0, 0, 1, 0
indir-24-_jpeg.rf.3b4661bbdd063795ddde07b5d2308485.jpg, 0, 0, 1, 0, 0, 0, 0
116_jpg.rf.3c8c8c740cb2e3dd04bf57aa1dbaf994.jpg, 0, 0, 1, 0, 0, 0, 0
images-65-_jpeg.rf.3b2cfb625287f7f7280adeeabec9445e.jpg, 1, 0, 0, 0, 0, 0, 0
images-20-_jpeg.rf.3d9b6dfab649f9bc85dc398b4ae8c145.jpg, 0, 0, 1, 0, 0, 0, 0
43_jpg.rf.3dfa7008acdbee8c7af1f130df6bf6e6.jpg, 0, 0, 1, 0, 0, 0, 0
73_jpg.rf.3d365836c4593b8530e05433fdc26744.jpg, 0, 0, 0, 0, 1, 0, 0
images-43-_jpeg.rf.3dd9d3643a81d4565151c5bfaa6433f9.jpg, 0, 0, 0, 1, 0, 0, 0
images-26-_jpeg.rf.3ba6a2037bb8739430a77078bcdb3d32.jpg, 0, 0, 0, 1, 0, 0, 0
49_jpg.rf.3e8676cddaf2423f81710f6cdf41af61.jpg, 0, 1, 0, 0, 0, 0, 0
indir-8-_jpeg.rf.3d59ab1bcfb31150c2af6a0d5628e10c.jpg, 0, 0, 1, 0, 0, 0, 0
46_jpg.rf.3dfad61335707fa77fa9253de4a9f25c.jpg, 1, 0, 0, 0, 0, 0, 0
images-19-_jpeg.rf.3e00f99aff97b61b8e16e29aa482b2e4.jpg, 0, 0, 0, 1, 0, 0, 0
105_jpg.rf.3c5eec49a9650c531799a683dab1e334.jpg, 0, 0, 0, 0, 0, 1, 0
17_jpg.rf.3e7f40df4e135f91fe5b6035819afc92.jpg, 0, 0, 1, 0, 0, 0, 0
1_jpg.rf.3e6c437f2b291f883974e27219b45399.jpg, 0, 1, 0, 0, 0, 0, 0
32_jpg.rf.3f321d2a2a68cceaf17497add9ebb00d.jpg, 0, 0, 0, 0, 0, 1, 0
64_jpg.rf.401fe4d2414b107e149a570313cfede9.jpg, 0, 0, 0, 0, 0, 1, 0
images-51-_jpeg.rf.3f581df8b0dc60001835127dd569e70d.jpg, 1, 0, 0, 0, 0, 0, 0
92_jpg.rf.3f03203a754f866e8f75064c0b4d6d41.jpg, 1, 0, 0, 0, 0, 0, 0
119_jpg.rf.406dab4663dd30e75e5ae7afad238b11.jpg, 0, 1, 0, 0, 0, 0, 0
images-24-_jpeg.rf.42e1e4e04aaccaae1f27eebd8259c86c.jpg, 0, 0, 1, 0, 0, 0, 0
14_jpg.rf.42b5940b67c6e748930f0d0ee34b2619.jpg, 0, 0, 0, 0, 0, 1, 0
82_jpg.rf.40b556d97757634a10919d8e81c84729.jpg, 0, 1, 0, 0, 0, 0, 0
images-10-_jpeg.rf.431dc03acb943026c00e3987a5dcda65.jpg, 0, 1, 0, 0, 0, 0, 0
indir-4-_jpeg.rf.3edb3d8b8cf48606178509cf9dbb09e7.jpg, 0, 1, 0, 0, 0, 0, 0
images-9-_jpeg.rf.418d68d2b04a1b6dd644e4d9c93f3aac.jpg, 1, 0, 0, 0, 0, 0, 0
84_jpg.rf.41c9e6b010792614523fe802bc22bc25.jpg, 0, 0, 0, 0, 1, 0, 0
88_jpg.rf.443a8ee685fb7f942c853ecf868513a3.jpg, 0, 0, 1, 0, 0, 0, 0
images-25-_jpeg.rf.44b2a9d1c6f429f002c7c49e9bb0766b.jpg, 0, 0, 0, 0, 1, 0, 0
54_jpg.rf.40d0361fc93efcdca667acfa5f516982.jpg, 0, 1, 0, 0, 0, 0, 0
images-57-_jpeg.rf.43ecf890e8f25d888cf67fa86093da14.jpg, 0, 1, 0, 0, 0, 0, 0
83_jpg.rf.3e8c059159e9a801b59e43930d1d974c.jpg, 0, 1, 0, 0, 0, 0, 0
images-19-_jpeg.rf.44d5bf8cdd1cf47468d5e4c63eebc9d5.jpg, 1, 0, 0, 0, 0, 0, 0
images-50-_jpeg.rf.467c72df85f88be22ba50771208ac6f7.jpg, 0, 1, 0, 0, 0, 0, 0
images-33-_jpeg.rf.45925697f3b17e1e8c380e05c339eab3.jpg, 0, 0, 0, 0, 1, 0, 0
110_jpg.rf.470ef1500d907711d16c6623d7265a96.jpg, 0, 1, 0, 0, 0, 0, 0
126_jpg.rf.44d00fa39b993458cd75922fa3ad5acc.jpg, 0, 0, 1, 0, 0, 0, 0
indir-13-_jpeg.rf.4840a91f6af0bf1c66379ae7e56b717d.jpg, 0, 0, 0, 0, 1, 0, 0
indir-40-_jpeg.rf.46888570129bd67575dba39e95e54819.jpg, 0, 0, 0, 1, 0, 0, 0
indir-5-_jpeg.rf.43f411208d0d55d8c9558be0ea4b764a.jpg, 0, 1, 0, 0, 0, 0, 0
indir-12-_jpeg.rf.442851bca9074fe65cb8f7d269cff1f9.jpg, 0, 0, 0, 1, 0, 0, 0
images-2-_jpeg.rf.462270cbea48ba6d12ccf9700a9c6d61.jpg, 0, 0, 0, 1, 0, 0, 0
68_jpg.rf.4776a9442b76c629d5bfb56ecce9752e.jpg, 0, 0, 1, 0, 0, 0, 0
images-3-_jpeg.rf.46720f32d717d627373e79f436fa38c2.jpg, 0, 0, 0, 0, 0, 1, 0
19_jpg.rf.481ca40a4f41f334ec3f575145e81375.jpg, 0, 0, 0, 0, 0, 1, 0
118_jpg.rf.497e4aa0a0e277b5f1f8d72fa920873d.jpg, 0, 0, 1, 0, 0, 0, 0
indir-20-_jpeg.rf.4a17fa1e27cb87e24272d189c70fb927.jpg, 0, 0, 0, 1, 0, 0, 0
indir-44-_jpeg.rf.4a607d439768219b8329510e6bf4df65.jpg, 0, 0, 1, 0, 0, 0, 0
47_jpg.rf.49dd7218ccc47e417054165d1e32e304.jpg, 1, 0, 0, 0, 0, 0, 0
indir-3-_jpeg.rf.4c0e8cf85d1fbeef4539367d7c410c5d.jpg, 0, 1, 0, 0, 0, 0, 0
49_jpg.rf.45f0a2aae0b4863bd01640356847f4a0.jpg, 0, 0, 0, 0, 1, 0, 0
indir-5-_jpeg.rf.4a3960ce4825c2be7c66973de8aad3b1.jpg, 0, 0, 1, 0, 0, 0, 0
79_jpg.rf.4c75c8c49c3adc8e1d03569e2f82e12b.jpg, 0, 0, 0, 0, 1, 0, 0
53_jpg.rf.4cd1cf719921b5109c5ba0520bf989d4.jpg, 0, 0, 0, 0, 0, 1, 0
87_jpg.rf.4acdbf61df151968f91559d33c9774db.jpg, 0, 0, 0, 0, 1, 0, 0
9_jpg.rf.4bf49cd4f71d8c3ebe3027024ecbd47c.jpg, 1, 0, 0, 0, 0, 0, 0
96_jpg.rf.47102c9778da3326a07ce141011c3692.jpg, 0, 1, 0, 0, 0, 0, 0
images-31-_jpeg.rf.4d31a2acabacbf08d87afd35ed70646f.jpg, 0, 0, 0, 0, 1, 0, 0
55_jpg.rf.4d8d06d2c57c8ae5943754ba7f0086a0.jpg, 0, 0, 1, 0, 0, 0, 0
images-69-_jpeg.rf.4b3bddc5d10acf9f96b3268148dc3585.jpg, 0, 0, 0, 0, 1, 0, 0
indir_jpeg.rf.4d269d0a7b9896bb5c9c6a68c70ffbf5.jpg, 0, 0, 0, 1, 0, 0, 0
57_jpg.rf.4d555ef2d6445132e2ae7bdbfea7d29b.jpg, 0, 0, 1, 0, 0, 0, 0
images-43-_jpeg.rf.4d247bdb8bf2648398fa16faa547cc8c.jpg, 0, 0, 0, 0, 0, 1, 0
50_jpg.rf.4c16e7bdfa35fcda026f34e9005d8f01.jpg, 1, 0, 0, 0, 0, 0, 0
84_jpg.rf.4da66a18ad8ab6e19454157190b4681c.jpg, 0, 1, 0, 0, 0, 0, 0
IMG_20240808_184607_jpg.rf.4d4ab5e8cfa925d3f2c1ffe8cb12c3b8.jpg, 0, 0, 1, 0, 1, 1, 0
25_jpg.rf.4d98929586ff0caef38d58d38021d820.jpg, 0, 1, 0, 0, 0, 0, 0
images-5-_jpeg.rf.4df5472a0b4c69afca57b3dc09db8031.jpg, 0, 0, 0, 0, 1, 0, 0
114_jpg.rf.4e5b20c9cd6d3020e22555bfc05879fb.jpg, 0, 1, 0, 0, 0, 0, 0
images-8-_jpeg.rf.4f1d409ac5eba08ed9ac53abd80660e8.jpg, 0, 1, 0, 0, 0, 0, 0
images_jpeg.rf.4e3e2302ec93627cecfcb067679ce7a0.jpg, 0, 1, 0, 0, 0, 0, 0
IMG_20240808_184618_jpg.rf.4dbc504450af5d40f9413333feeb7960.jpg, 1, 1, 0, 0, 0, 0, 0
images-26-_jpeg.rf.51b3a09bf2120e74ec1a12c3330a5af0.jpg, 0, 0, 1, 0, 0, 0, 0
images-48-_jpeg.rf.4fb601334cda43de1ed43eb83f208bc0.jpg, 0, 0, 0, 0, 1, 0, 0
images-31-_jpeg.rf.52967b3fac296122507580b35d1b7129.jpg, 1, 0, 0, 0, 0, 0, 0
indir-5-_jpeg.rf.4dd147ac5c6d4751a05e9355db631ef9.jpg, 1, 0, 0, 0, 0, 0, 0
images-22-_jpeg.rf.4e9a393a81d1ed99e54d1c06ced46878.jpg, 0, 0, 1, 0, 0, 0, 0
95_jpg.rf.4e6895a956dddba09eaf09622b444303.jpg, 0, 0, 0, 0, 1, 0, 0
images-67-_jpeg.rf.4fd1de2e3ecb1f55f42093e5c8bee800.jpg, 1, 0, 0, 0, 0, 0, 0
100_jpg.rf.50c2bf31f9a6d31c38559b46c8e14ed2.jpg, 0, 0, 1, 0, 0, 0, 0
106_jpg.rf.4f696329924caef0731d641d188d152f.jpg, 1, 0, 0, 0, 0, 0, 0
images-5-_jpeg.rf.522b77a109790dcd47292701b38a66ca.jpg, 1, 0, 0, 0, 0, 0, 0
indir-1-_jpeg.rf.4f3f9a0d1a330da26d43c78ba21f51fb.jpg, 0, 0, 0, 0, 0, 1, 0
indir-19-_jpeg.rf.4ec6c85494ab4ff67aadc82da43b6eb9.jpg, 0, 0, 0, 0, 0, 1, 0
41_jpg.rf.50f05338338d6edec8d51032cab23967.jpg, 0, 0, 0, 0, 0, 1, 0
indir-7-_jpeg.rf.4ff1047873c800f1927697d642ddfc29.jpg, 0, 0, 0, 1, 0, 0, 0
indir-44-_jpeg.rf.4dc7c34e2b0cade90b0b1d0326fb8005.jpg, 0, 0, 0, 1, 0, 0, 0
88_jpg.rf.52d17f48356d2de5d03437791fdb56a7.jpg, 0, 0, 0, 0, 0, 1, 0
71_jpg.rf.53065fa2e75fbff74dbb6641a8a88335.jpg, 0, 0, 1, 0, 0, 0, 0
40_jpg.rf.4fd9703cb62d18a5b254bcb6bc2afc3c.jpg, 0, 0, 0, 0, 0, 1, 0
images-16-_jpeg.rf.55422dd828b624222c9dc18ba8a6bad4.jpg, 0, 0, 1, 0, 0, 0, 0
3_jpg.rf.53cba2012b393228ed57ccf92bc5d4d9.jpg, 0, 0, 1, 0, 0, 0, 0
16_jpg.rf.56bf5966ec9dfec814881a2b9c5d8a3c.jpg, 0, 0, 1, 0, 0, 0, 0
images-44-_jpeg.rf.5448d877a95383d0477707e42e7a4a79.jpg, 1, 0, 0, 0, 0, 0, 0
79_jpg.rf.55529d94f119733e8ab255acac2e6536.jpg, 0, 0, 1, 0, 0, 0, 0
indir_jpeg.rf.58c8357215a07d2c4b5f4aaa0a94b5be.jpg, 1, 0, 0, 0, 0, 0, 0
24_jpg.rf.5286d704e88eae2cd35bb285ac542d3c.jpg, 1, 0, 0, 0, 0, 0, 0
indir-20-_jpeg.rf.58d2e8660e5e6715727f668eff82b6fe.jpg, 0, 0, 0, 0, 0, 1, 0
images-38-_jpeg.rf.543736c448e224bbe17ed168729609fc.jpg, 0, 0, 0, 1, 0, 0, 0
images-35-_jpeg.rf.59a5c8a05082da2e50afa7a32602bf21.jpg, 0, 0, 1, 0, 0, 0, 0
indir-33-_jpeg.rf.5816198f54b4fd626b1a3956b452a59f.jpg, 0, 0, 0, 1, 0, 0, 0
41_jpg.rf.53931ccde5bf450696a2509108aecbbf.jpg, 0, 0, 0, 0, 1, 0, 0
indir-43-_jpeg.rf.4e9fd6a2439a4e449a7f90f2ac9b8d0e.jpg, 0, 0, 0, 1, 0, 0, 0
indir-13-_jpeg.rf.53928c435cb1254c6506878a57fd732c.jpg, 0, 1, 0, 0, 0, 0, 0
42_jpg.rf.585a55e218989d12885a003a70d0be4e.jpg, 1, 0, 0, 0, 0, 0, 0
48_jpg.rf.5657375248ab5c8e2e36ba6f4407e440.jpg, 0, 0, 0, 0, 1, 0, 0
indir-18-_jpeg.rf.54de6de601f873462078fdbc9944d075.jpg, 0, 1, 0, 0, 0, 0, 0
60_jpg.rf.5a23bc7c115d72e35f53e6bf4851f5f6.jpg, 1, 0, 0, 0, 0, 0, 0
indir-21-_jpeg.rf.59dfce3c7c889a47515de8011025e0a7.jpg, 0, 0, 0, 0, 1, 0, 0
indir-11-_jpeg.rf.536953d6493fd401ec923cd320a435c2.jpg, 1, 0, 0, 0, 0, 0, 0
48_jpg.rf.56653473f1843ddba4b6ccfa2ffb561e.jpg, 0, 1, 0, 0, 0, 0, 0
95_jpg.rf.598ae46da6e860a08a87e8c9364c559c.jpg, 0, 1, 0, 0, 0, 0, 0
9_jpg.rf.5a2b1dbadbf2c2b9ac21492a1d68b78f.jpg, 0, 1, 0, 0, 0, 0, 0
images-3-_jpeg.rf.5bd533a113a92f3b2fd228097e8ca4d1.jpg, 0, 0, 1, 0, 0, 0, 0
images-3-_jpeg.rf.5c6c6b2393dfe8f115098a7fcc84e294.jpg, 0, 0, 0, 1, 0, 0, 0
10_jpg.rf.56c26d913b6e4d42a0e61fbe3f17270a.jpg, 1, 0, 0, 0, 0, 0, 0
images-11-_jpeg.rf.596f6fc14e780cb66a10a7ac1643e152.jpg, 0, 0, 0, 1, 0, 0, 0
57_jpg.rf.586db7ac2d2d6115d0def61c5ef2419b.jpg, 0, 0, 0, 0, 1, 0, 0
indir-20-_jpeg.rf.5d1c55e84b72e2e874b01ae9cbb9ee50.jpg, 0, 0, 0, 0, 1, 0, 0
61_jpg.rf.5d7abf08d3e0b2bc642513c79acc6a1b.jpg, 0, 0, 0, 0, 0, 1, 0
indir-7-_jpeg.rf.5cd328814c8ea8b67465c227d77e1f37.jpg, 0, 0, 0, 0, 1, 0, 0
images-2-_jpeg.rf.5eee058fa2cc9bfb300967563e139fcb.jpg, 0, 0, 0, 0, 0, 1, 0
images-46-_jpeg.rf.5eb3c83a0c925a8d680e0e6f4eee244b.jpg, 1, 0, 0, 0, 0, 0, 0
34_jpg.rf.5ea6321dab1883f277f9d300786ce68c.jpg, 0, 0, 0, 0, 0, 1, 0
images-3-_jpeg.rf.5f166f987c5e67c5e4c5bd8ed623f183.jpg, 0, 1, 0, 0, 0, 0, 0
images-17-_jpeg.rf.5fa78ebc81e54be44e17f47f890d0c03.jpg, 1, 0, 0, 0, 0, 0, 0
images-5-_jpeg.rf.6030fb3dd60df4434d648ec60b59839c.jpg, 0, 1, 0, 0, 0, 0, 0
109_jpg.rf.5f124c875968b2b0ae08269ab3d64798.jpg, 0, 0, 1, 0, 0, 0, 0
83_jpg.rf.6130684061287b7791a4d3a4898e935e.jpg, 0, 0, 0, 0, 0, 1, 0
62_jpg.rf.6194cda6b33fc4a3894d74120f435303.jpg, 0, 1, 0, 0, 0, 0, 0
images-4-_jpeg.rf.5f9a1c9d0084570c54da836abac54ddb.jpg, 1, 0, 0, 0, 0, 0, 0
65_jpg.rf.5ca9fc85fbd63cd7cdd128d2ccdda1c9.jpg, 0, 1, 0, 0, 0, 0, 0
6_jpg.rf.5f5deb2fd75b0d3f40d0f1d581eb8014.jpg, 1, 0, 0, 0, 0, 0, 0
48_jpg.rf.5fa93e02f0f82dd64408c8fd154431b5.jpg, 1, 0, 0, 0, 0, 0, 0
13_jpg.rf.5e971a98f79ba4a8a3a72d6b1d3053fb.jpg, 0, 0, 0, 0, 1, 0, 0
78_jpg.rf.5a2f06197b7dc5798f52ec2009292cc2.jpg, 0, 0, 0, 0, 0, 1, 0
49_jpg.rf.62773bf15ac50e5e9b14c98d2ba9afe9.jpg, 1, 0, 0, 0, 0, 0, 0
104_jpg.rf.6257e19fe3da1d7a7b46ca3fd2322ae9.jpg, 0, 0, 0, 0, 0, 1, 0
11_jpg.rf.62b2e4639df1c8ccb04ac9c9d1c7584d.jpg, 1, 0, 0, 0, 0, 0, 0
images-36-_jpeg.rf.62f7a3364aae4439d6c21b447540edd4.jpg, 0, 1, 0, 0, 0, 0, 0
indir-11-_jpeg.rf.61305bcec6b2ae20f4d75e4786671812.jpg, 0, 0, 0, 0, 0, 1, 0
images-16-_jpeg.rf.632043221d770e5c9fcc79ae323be23e.jpg, 0, 1, 0, 0, 0, 0, 0
images-46-_jpeg.rf.61d59f12052aaca83892ae0e71873696.jpg, 0, 1, 0, 0, 0, 0, 0
indir-45-_jpeg.rf.6326c82c467d6bbd03a32b2e9e035af5.jpg, 0, 0, 0, 1, 0, 0, 0
images-3-_jpeg.rf.619ff2cacb68e15cc8c6510e8f677811.jpg, 0, 0, 0, 0, 1, 0, 0
20_jpg.rf.629ed7c6333c6b69f7825dd251d38b78.jpg, 0, 0, 0, 0, 1, 0, 0
images-43-_jpeg.rf.62454115615dfbfcad29e11b7a3e0813.jpg, 0, 1, 0, 0, 0, 0, 0
118_jpg.rf.62e22a1da3ed24068369b1f5a57d7222.jpg, 0, 1, 0, 0, 0, 0, 0
52_jpg.rf.619688bc9886b28319e67934b68c2800.jpg, 0, 0, 0, 0, 0, 1, 0
indir-38-_jpeg.rf.61ac2c6dfa2bc59190843a21c008fe97.jpg, 0, 0, 0, 1, 0, 0, 0
images-7-_jpeg.rf.653ca9c78c1bf22b66422c904e0c8187.jpg, 0, 0, 0, 0, 1, 0, 0
images-8-_jpeg.rf.66463434a66f36cef1dfc35e91eba766.jpg, 1, 0, 0, 0, 0, 0, 0
35_jpg.rf.64b5ca5ec698290a3ab06064a0accec7.jpg, 0, 0, 1, 0, 0, 0, 0
71_jpg.rf.68082ee34fbd4c926b4ba5a5f2af2e07.jpg, 1, 0, 0, 0, 0, 0, 0
indir-21-_jpeg.rf.66612101cafabc468dd28accb87c9df5.jpg, 0, 1, 0, 0, 0, 0, 0
3065ac03-e5d5-4b05-9caa-0188c35ee2ee_jpg.rf.663618e20e443f153b020bcad61d3356.jpg, 0, 0, 1, 0, 0, 0, 0
images-12-_jpeg.rf.63be3511e63ac9438b160ed558ea76a1.jpg, 0, 0, 0, 1, 0, 0, 0
indir-22-_jpeg.rf.5e818049919931cd42382e44f95ee3c3.jpg, 0, 0, 0, 0, 0, 1, 0
images-8-_jpeg.rf.65903cf551c92a580f720d190d926af6.jpg, 0, 0, 1, 0, 0, 0, 0
100_jpg.rf.67f253e2baf1d128245ab44f376a7fde.jpg, 1, 0, 0, 0, 0, 0, 0
indir-25-_jpeg.rf.69627771608271b666f636f0cc5ce59e.jpg, 0, 0, 1, 0, 0, 0, 0
2_jpg.rf.680bf2e6127f327a9d592abd223b7ad5.jpg, 0, 0, 0, 0, 1, 0, 0
86_jpg.rf.695283295f24a870cd30de74d91d1849.jpg, 0, 0, 1, 0, 0, 0, 0
70_jpg.rf.683c02780a501d14281b430dedd5d280.jpg, 0, 0, 0, 0, 1, 0, 0
images-11-_jpeg.rf.6995347a5d4db39ffc32c10c8f9e7597.jpg, 1, 0, 0, 0, 0, 0, 0
images-13-_jpeg.rf.68cfb7bd3998cf40e0ea62267768c443.jpg, 0, 1, 0, 0, 0, 0, 0
images-45-_jpeg.rf.69d8de062f6c7d6de52d1d72d7383f06.jpg, 0, 0, 0, 0, 0, 1, 0
indir-10-_jpeg.rf.6b42c2bb5f689d23fc90d10c21d2d1ec.jpg, 0, 0, 0, 1, 0, 0, 0
59_jpg.rf.69eed8383decc63d00e329bb498a7956.jpg, 0, 0, 0, 0, 0, 1, 0
68_jpg.rf.6adce08a639ca5c33479f24f86931162.jpg, 0, 1, 0, 0, 0, 0, 0
indir-19-_jpeg.rf.6985a3496e58475855dfa93d38072f47.jpg, 0, 0, 0, 1, 0, 0, 0
images-8-_jpeg.rf.69837eda0f3b119eae4683591f9d60aa.jpg, 0, 0, 0, 0, 0, 1, 0
f-14-_jpeg.rf.6a4b593f8975457ae37e03354589da01.jpg, 1, 0, 1, 0, 0, 0, 0
images-19-_jpeg.rf.65ff09a376f98400fede9459f194b5d2.jpg, 0, 1, 0, 0, 0, 0, 0
2_jpg.rf.6baca2934cf490f09206d7e173abf478.jpg, 0, 1, 0, 0, 0, 0, 0
31_jpg.rf.6b7431cf91737e18c207a016a5690b37.jpg, 0, 1, 0, 0, 0, 0, 0
22_jpg.rf.6b07a1ff53844d22bcb6926aace1cc99.jpg, 0, 0, 0, 0, 1, 0, 0
35_jpg.rf.6be750361643450be8c3081c07d174a7.jpg, 0, 0, 0, 0, 1, 0, 0
images-29-_jpeg.rf.6c5a2069629b224646566b2ca23705cd.jpg, 0, 0, 0, 1, 0, 0, 0